{"stats":{"minecraft:killed_by":{"minecraft:player":9,"minecraft:skeleton":1,"minecraft:zombie":1},"minecraft:crafted":{"minecraft:crafting_table":1,"minecraft:spruce_planks":20,"minecraft:stick":8,"minecraft:wooden_pickaxe":1,"minecraft:stone_pickaxe":2,"minecraft:stone_axe":1},"minecraft:mined":{"minecraft:cobbled_deepslate":3,"minecraft:spruce_log":6,"minecraft:grass":1,"minecraft:poppy":1,"minecraft:spruce_leaves":1,"minecraft:stone":20,"minecraft:deepslate":4},"minecraft:picked_up":{"minecraft:iron_chestplate":1,"minecraft:crafting_table":1,"minecraft:wheat":2,"farmersdelight:rice":1,"minecraft:cooked_porkchop":17,"minecraft:wooden_pickaxe":1,"minecraft:spruce_sapling":3,"minecraft:spruce_log":5,"minecraft:string":2,"minecraft:spider_eye":2,"minecraft:paper":4,"minecraft:iron_leggings":1,"minecraft:pumpkin_seeds":3,"minecraft:rotten_flesh":2,"minecraft:kelp":3,"minecraft:stone_axe":1,"minecraft:wheat_seeds":2,"minecraft:cobbled_deepslate":7,"minecraft:spruce_planks":9,"minecraft:iron_helmet":1,"minecraft:stone_pickaxe":1,"minecraft:poppy":2,"minecraft:baked_potato":15,"minecraft:iron_boots":1,"minecraft:cobblestone":31},"minecraft:custom":{"minecraft:time_since_rest":9736,"minecraft:sprint_one_cm":110388,"minecraft:damage_taken":3303,"minecraft:walk_one_cm":181943,"minecraft:mob_kills":1,"minecraft:drop":1,"minecraft:damage_dealt":560,"minecraft:swim_one_cm":19940,"minecraft:interact_with_crafting_table":2,"minecraft:fly_one_cm":70944,"minecraft:open_chest":13,"minecraft:crouch_one_cm":331,"minecraft:play_time":59764,"minecraft:deaths":11,"minecraft:sneak_time":367,"minecraft:walk_under_water_one_cm":5874,"minecraft:jump":562,"minecraft:leave_game":3,"minecraft:time_since_death":9710,"minecraft:walk_on_water_one_cm":9786,"minecraft:sleep_in_bed":1,"minecraft:climb_one_cm":598,"minecraft:total_world_time":59764,"minecraft:fall_one_cm":13851},"minecraft:used":{"minecraft:stone_pickaxe":7,"minecraft:baked_potato":3,"minecraft:iron_helmet":1,"minecraft:wooden_pickaxe":20,"minecraft:iron_boots":1,"minecraft:rotten_flesh":2,"minecraft:iron_chestplate":1,"minecraft:stone_axe":3,"minecraft:cooked_porkchop":2,"minecraft:cobbled_deepslate":6,"minecraft:iron_leggings":1},"minecraft:dropped":{"minecraft:spruce_sapling":1},"minecraft:killed":{"minecraft:spider":1}},"DataVersion":3465}