{"stats":{"minecraft:killed_by":{"minecraft:player":9,"minecraft:skeleton":1,"minecraft:zombie":1},"minecraft:crafted":{"minecraft:oak_planks":16,"minecraft:crafting_table":2,"minecraft:spruce_planks":20,"minecraft:wooden_pickaxe":2,"minecraft:stone_axe":2,"minecraft:stick":16,"minecraft:stone_pickaxe":3},"minecraft:mined":{"alexscaves:radrock":62,"minecraft:poppy":1,"minecraft:tall_grass":1,"minecraft:copper_ore":4,"minecraft:spruce_leaves":1,"minecraft:cobbled_deepslate":3,"minecraft:spruce_log":6,"minecraft:grass":1,"minecraft:oak_log":4,"minecraft:coal_ore":41,"minecraft:stone":32,"minecraft:oak_leaves":7,"minecraft:deepslate":4},"minecraft:picked_up":{"minecraft:iron_chestplate":1,"minecraft:crafting_table":1,"minecraft:wheat":2,"farmersdelight:rice":1,"minecraft:wooden_pickaxe":1,"minecraft:oak_log":4,"minecraft:string":2,"minecraft:paper":4,"minecraft:raw_copper":16,"minecraft:iron_leggings":1,"minecraft:kelp":6,"minecraft:wheat_seeds":4,"minecraft:cobbled_deepslate":7,"minecraft:spruce_planks":9,"alexscaves:radrock":64,"minecraft:stone_pickaxe":2,"minecraft:poppy":2,"minecraft:iron_boots":1,"minecraft:cooked_porkchop":22,"minecraft:torch":2,"minecraft:spruce_sapling":3,"minecraft:spruce_log":5,"minecraft:spider_eye":2,"minecraft:pumpkin_seeds":3,"minecraft:rotten_flesh":2,"minecraft:stone_axe":2,"minecraft:iron_helmet":1,"minecraft:oak_sapling":2,"minecraft:baked_potato":15,"minecraft:coal":41,"minecraft:cobblestone":49},"minecraft:custom":{"minecraft:mob_kills":3,"minecraft:interact_with_crafting_table":6,"minecraft:leave_game":5,"minecraft:time_since_death":4478,"minecraft:sleep_in_bed":1,"minecraft:climb_one_cm":4364,"minecraft:time_since_rest":4509,"minecraft:sprint_one_cm":152209,"minecraft:damage_taken":4694,"minecraft:walk_one_cm":265150,"minecraft:drop":3,"minecraft:damage_dealt":1021,"minecraft:swim_one_cm":43625,"minecraft:fly_one_cm":88506,"minecraft:open_chest":13,"minecraft:crouch_one_cm":4011,"minecraft:play_time":102549,"minecraft:deaths":13,"minecraft:sneak_time":2069,"minecraft:walk_under_water_one_cm":36388,"minecraft:jump":1910,"minecraft:walk_on_water_one_cm":19452,"minecraft:total_world_time":102549,"minecraft:fall_one_cm":22555},"minecraft:used":{"minecraft:stone_pickaxe":120,"minecraft:baked_potato":3,"minecraft:wooden_pickaxe":27,"minecraft:rotten_flesh":2,"minecraft:iron_chestplate":1,"minecraft:crafting_table":1,"minecraft:iron_helmet":1,"minecraft:iron_boots":1,"minecraft:stone_axe":13,"minecraft:cooked_porkchop":12,"minecraft:cobbled_deepslate":6,"alexscaves:radrock":59,"minecraft:iron_leggings":1},"minecraft:dropped":{"minecraft:stone_axe":1,"alexscaves:radrock":1,"minecraft:spruce_sapling":1},"minecraft:killed":{"minecraft:zombie_villager":1,"minecraft:spider":1,"minecraft:drowned":1},"minecraft:broken":{"minecraft:iron_boots":1,"minecraft:iron_helmet":1,"minecraft:iron_chestplate":1,"minecraft:iron_leggings":1}},"DataVersion":3465}