{"stats":{"minecraft:crafted":{"minecraft:crafting_table":1,"minecraft:spruce_planks":20,"minecraft:stick":8,"minecraft:wooden_pickaxe":1,"minecraft:stone_pickaxe":2,"minecraft:stone_axe":1},"minecraft:picked_up":{"minecraft:spruce_sapling":2,"minecraft:spruce_log":5,"minecraft:spider_eye":1,"minecraft:string":1,"minecraft:cobbled_deepslate":4,"minecraft:poppy":1,"minecraft:baked_potato":15,"minecraft:cobblestone":20},"minecraft:mined":{"minecraft:spruce_log":6,"minecraft:grass":1,"minecraft:poppy":1,"minecraft:spruce_leaves":1,"minecraft:stone":20,"minecraft:deepslate":4},"minecraft:custom":{"minecraft:time_since_rest":6595,"minecraft:sprint_one_cm":41501,"minecraft:damage_taken":290,"minecraft:walk_one_cm":84214,"minecraft:mob_kills":1,"minecraft:drop":1,"minecraft:damage_dealt":158,"minecraft:swim_one_cm":3019,"minecraft:interact_with_crafting_table":2,"minecraft:fly_one_cm":15474,"minecraft:open_chest":12,"minecraft:crouch_one_cm":296,"minecraft:play_time":22478,"minecraft:sneak_time":199,"minecraft:walk_under_water_one_cm":249,"minecraft:jump":154,"minecraft:time_since_death":22478,"minecraft:leave_game":2,"minecraft:walk_on_water_one_cm":2660,"minecraft:sleep_in_bed":1,"minecraft:total_world_time":22478,"minecraft:climb_one_cm":598,"minecraft:fall_one_cm":4344},"minecraft:used":{"minecraft:stone_pickaxe":4,"minecraft:baked_potato":3,"minecraft:wooden_pickaxe":20,"minecraft:cobbled_deepslate":3},"minecraft:dropped":{"minecraft:spruce_sapling":1},"minecraft:killed":{"minecraft:spider":1}},"DataVersion":3465}