{"stats":{"minecraft:killed_by":{"minecraft:zombie":1},"minecraft:crafted":{"minecraft:crafting_table":1,"minecraft:spruce_planks":20,"minecraft:stick":8,"minecraft:wooden_pickaxe":1,"minecraft:stone_pickaxe":2,"minecraft:stone_axe":1},"minecraft:picked_up":{"minecraft:spruce_sapling":2,"minecraft:spruce_log":5,"minecraft:spider_eye":1,"minecraft:string":1,"minecraft:cobbled_deepslate":7,"minecraft:poppy":1,"minecraft:baked_potato":15,"minecraft:cobblestone":20},"minecraft:mined":{"minecraft:cobbled_deepslate":3,"minecraft:spruce_log":6,"minecraft:grass":1,"minecraft:poppy":1,"minecraft:spruce_leaves":1,"minecraft:stone":20,"minecraft:deepslate":4},"minecraft:custom":{"minecraft:time_since_rest":2414,"minecraft:sprint_one_cm":51772,"minecraft:damage_taken":410,"minecraft:walk_one_cm":102286,"minecraft:mob_kills":1,"minecraft:drop":1,"minecraft:damage_dealt":251,"minecraft:swim_one_cm":3019,"minecraft:interact_with_crafting_table":2,"minecraft:fly_one_cm":20665,"minecraft:open_chest":12,"minecraft:crouch_one_cm":296,"minecraft:play_time":28413,"minecraft:deaths":1,"minecraft:sneak_time":303,"minecraft:walk_under_water_one_cm":630,"minecraft:jump":234,"minecraft:leave_game":2,"minecraft:walk_on_water_one_cm":2919,"minecraft:time_since_death":2387,"minecraft:sleep_in_bed":1,"minecraft:climb_one_cm":598,"minecraft:total_world_time":28413,"minecraft:fall_one_cm":5350},"minecraft:used":{"minecraft:stone_pickaxe":7,"minecraft:baked_potato":3,"minecraft:wooden_pickaxe":20,"minecraft:stone_axe":3,"minecraft:cobbled_deepslate":6},"minecraft:dropped":{"minecraft:spruce_sapling":1},"minecraft:killed":{"minecraft:spider":1}},"DataVersion":3465}