{"stats":{"minecraft:crafted":{"minecraft:spruce_planks":20,"minecraft:wooden_pickaxe":1,"minecraft:stone_pickaxe":1},"minecraft:used":{"minecraft:wooden_pickaxe":12},"minecraft:mined":{"minecraft:stone":12,"minecraft:spruce_log":5,"minecraft:oak_leaves":3},"minecraft:picked_up":{"minecraft:stick":5,"minecraft:wheat_seeds":1,"minecraft:spruce_sapling":2,"minecraft:spruce_log":5,"minecraft:cobblestone":11},"minecraft:custom":{"minecraft:time_since_rest":994,"minecraft:play_time":6273,"minecraft:sprint_one_cm":21460,"minecraft:damage_taken":30,"minecraft:walk_one_cm":9557,"minecraft:sneak_time":5,"minecraft:walk_under_water_one_cm":913,"minecraft:jump":103,"minecraft:damage_dealt":25,"minecraft:time_since_death":6273,"minecraft:walk_on_water_one_cm":1295,"minecraft:sleep_in_bed":1,"minecraft:total_world_time":6273,"minecraft:interact_with_crafting_table":3,"minecraft:swim_one_cm":3717,"minecraft:fall_one_cm":2051,"minecraft:fly_one_cm":30045}},"DataVersion":3465}