{"stats":{"minecraft:broken":{"minecraft:stone_pickaxe":8},"minecraft:crafted":{"minecraft:smooth_stone":6,"create:andesite_alloy":10,"minecraft:barrel":10,"create:wrench":1,"create:steam_engine":1,"minecraft:iron_nugget":27,"minecraft:spruce_planks":60,"create:fluid_pipe":20,"minecraft:wooden_pickaxe":1,"minecraft:baked_potato":5,"create:goggles":1,"create:large_water_wheel":1,"minecraft:furnace":1,"minecraft:blast_furnace":1,"minecraft:copper_ingot":47,"minecraft:stone":10,"minecraft:campfire":4,"minecraft:stone_axe":1,"minecraft:bread":1,"minecraft:air":0,"minecraft:glass":7,"minecraft:charcoal":5,"create:water_wheel":1,"create:mechanical_press":1,"minecraft:spruce_slab":24,"minecraft:stick":64,"create:mechanical_pump":1,"minecraft:iron_ingot":25,"create:fluid_tank":8,"minecraft:iron_pickaxe":1,"minecraft:stone_pickaxe":8,"minecraft:iron_block":1,"minecraft:gold_ingot":8,"minecraft:copper_block":1,"create:large_cogwheel":9,"create:shaft":32,"minecraft:torch":32,"create:cogwheel":11,"minecraft:smoker":1},"minecraft:dropped":{"minecraft:poisonous_potato":1,"minecraft:copper_ingot":31,"minecraft:torch":8,"create:goggles":2,"minecraft:sand":2,"minecraft:stone_pickaxe":1,"create:large_cogwheel":1,"minecraft:gold_ingot":6},"minecraft:used":{"minecraft:wheat_seeds":6,"minecraft:stone_pickaxe":1050,"minecraft:baked_potato":8,"minecraft:wooden_pickaxe":58,"minecraft:rotten_flesh":2,"minecraft:torch":32,"create:fluid_tank":15,"create:mechanical_pump":4,"minecraft:dirt":1,"create:cogwheel":27,"minecraft:blast_furnace":1,"minecraft:campfire":4,"minecraft:granite":1,"minecraft:smoker":1,"minecraft:stripped_spruce_log":1,"create:mechanical_press":3,"create:wrench":63,"minecraft:iron_pickaxe":62,"minecraft:bread":3,"create:andesite_casing":1,"minecraft:spruce_sapling":4,"create:large_water_wheel":1,"minecraft:stone_axe":78,"minecraft:cobblestone":22,"create:shaft":2,"create:steam_engine":1,"minecraft:andesite":5,"create:fluid_pipe":12,"minecraft:cobbled_deepslate":1,"minecraft:potato":5,"minecraft:smooth_stone":6,"create:large_cogwheel":21},"minecraft:killed":{"minecraft:zombie":2},"minecraft:mined":{"create:cogwheel":9,"create:andesite_casing":2,"create:fluid_tank":16,"create:fluid_pipe":3,"minecraft:granite":18,"create:mechanical_pump":3,"minecraft:grass_block":10,"create:large_cogwheel":5,"minecraft:copper_ore":9,"minecraft:cobblestone":2,"minecraft:deepslate_gold_ore":2,"minecraft:spruce_leaves":4,"minecraft:lapis_ore":3,"create:powered_shaft":1,"minecraft:sugar_cane":1,"minecraft:diorite":26,"minecraft:wall_torch":2,"minecraft:deepslate_copper_ore":8,"minecraft:smooth_stone":5,"create:glass_fluid_pipe":2,"minecraft:furnace":1,"minecraft:wheat":6,"minecraft:iron_ore":21,"minecraft:spruce_log":42,"minecraft:andesite":47,"minecraft:stripped_spruce_log":1,"minecraft:pumpkin":29,"minecraft:grass":1,"minecraft:potatoes":4,"minecraft:coal_ore":20,"minecraft:deepslate_iron_ore":6,"minecraft:dirt_path":13,"minecraft:gravel":4,"minecraft:dirt":13,"minecraft:stone":938,"minecraft:gold_ore":6,"create:mechanical_press":2,"minecraft:oak_leaves":3,"minecraft:deepslate":12},"minecraft:picked_up":{"create:copper_sheet":29,"minecraft:wheat":6,"create:fluid_tank":16,"minecraft:andesite":46,"minecraft:potato":18,"minecraft:lapis_lazuli":25,"minecraft:string":3,"minecraft:dirt":36,"create:fluid_pipe":5,"minecraft:raw_copper":57,"minecraft:wheat_seeds":15,"create:mechanical_press":2,"minecraft:smooth_stone":5,"minecraft:cobbled_deepslate":12,"minecraft:raw_gold":8,"create:shaft":1,"minecraft:stone_pickaxe":2,"create:goggles":2,"minecraft:sugar_cane":3,"minecraft:furnace":1,"minecraft:stick":6,"minecraft:raw_iron":27,"minecraft:pumpkin":29,"create:golden_sheet":5,"minecraft:copper_ingot":2,"create:cogwheel":9,"minecraft:torch":8,"minecraft:poisonous_potato":1,"create:andesite_casing":2,"minecraft:gravel":4,"minecraft:sand":2,"minecraft:stripped_spruce_log":1,"minecraft:spruce_sapling":8,"minecraft:diorite":26,"minecraft:spruce_log":42,"create:large_cogwheel":7,"minecraft:rotten_flesh":3,"create:mechanical_pump":3,"minecraft:granite":18,"minecraft:baked_potato":7,"minecraft:gold_ingot":1,"minecraft:bread":2,"minecraft:coal":23,"minecraft:cobblestone":939},"minecraft:custom":{"minecraft:interact_with_furnace":32,"minecraft:mob_kills":2,"minecraft:interact_with_crafting_table":53,"minecraft:time_since_death":132273,"minecraft:sleep_in_bed":4,"minecraft:time_since_rest":24258,"minecraft:sprint_one_cm":192076,"minecraft:damage_taken":240,"minecraft:walk_one_cm":362455,"minecraft:drop":52,"minecraft:damage_dealt":425,"minecraft:swim_one_cm":5828,"minecraft:fly_one_cm":179001,"minecraft:open_chest":58,"minecraft:crouch_one_cm":2344,"minecraft:play_time":132273,"minecraft:sneak_time":1387,"minecraft:walk_under_water_one_cm":3918,"minecraft:jump":1257,"minecraft:interact_with_blast_furnace":28,"minecraft:walk_on_water_one_cm":10031,"minecraft:total_world_time":132273,"minecraft:interact_with_smoker":17,"minecraft:fall_one_cm":10066}},"DataVersion":3465}