{"stats":{"minecraft:killed":{"graveyard:skeleton_creeper":1,"minecraft:spider":1,"minecraft:skeleton":11,"minecraft:zombie_villager":3,"minecraft:creeper":6,"minecraft:zombie":24,"minecraft:phantom":19,"minecraft:drowned":3,"graveyard:ghoul":6,"minecraft:wither_skeleton":1,"minecraft:enderman":2},"minecraft:mined":{"minecraft:spruce_planks":6,"minecraft:farmland":11,"create:andesite_casing":43,"minecraft:cobblestone_stairs":1,"minecraft:spruce_trapdoor":22,"minecraft:granite":150,"minecraft:grass_block":496,"minecraft:hopper":1,"create:powered_shaft":5,"minecraft:composter":1,"create:belt":33,"minecraft:smooth_stone":5,"minecraft:tall_seagrass":1,"minecraft:iron_ore":230,"minecraft:cobbled_deepslate":2,"minecraft:pumpkin":39,"minecraft:dirt_path":33,"create:gearshift":14,"create:mechanical_press":2,"create:lit_blaze_burner":1,"minecraft:deepslate_redstone_ore":8,"create:cogwheel":130,"create:steam_engine":1,"minecraft:kelp_plant":46,"create:mechanical_piston":4,"minecraft:torch":33,"minecraft:poppy":2,"minecraft:chest":18,"minecraft:nether_quartz_ore":43,"minecraft:cobblestone":100,"minecraft:sugar_cane":5,"minecraft:wall_torch":5,"minecraft:deepslate_copper_ore":8,"minecraft:seagrass":5,"create:basin":5,"create:andesite_belt_funnel":7,"create:sticky_mechanical_piston":2,"create:glass_fluid_pipe":3,"minecraft:wheat":17,"create:brass_belt_funnel":3,"create:steam_whistle":4,"minecraft:grass":22,"create:hand_crank":31,"minecraft:sand":2,"minecraft:dirt":516,"create:encased_chain_drive":2,"minecraft:netherrack":77,"create:linear_chassis":34,"minecraft:oak_leaves":3,"minecraft:deepslate":415,"minecraft:attached_pumpkin_stem":1,"create:brass_funnel":4,"minecraft:nether_gold_ore":3,"minecraft:tuff":2,"create:millstone":8,"create:fluid_tank":23,"minecraft:glow_lichen":3,"minecraft:lever":2,"create:large_cogwheel":50,"create:encased_fan":6,"minecraft:spruce_leaves":75,"minecraft:kelp":7,"minecraft:large_fern":4,"minecraft:redstone_ore":10,"create:shaft":136,"minecraft:spruce_sapling":19,"minecraft:furnace":1,"minecraft:andesite":143,"minecraft:stripped_spruce_log":15,"minecraft:potatoes":28,"minecraft:deepslate_iron_ore":21,"create:chute":18,"minecraft:warped_stem":4,"create:deployer":7,"minecraft:stone":2379,"create:piston_extension_pole":3,"minecraft:crafting_table":1,"create:fluid_pipe":6,"create:mechanical_pump":5,"minecraft:campfire":5,"minecraft:tall_grass":1,"minecraft:copper_ore":71,"minecraft:deepslate_gold_ore":11,"minecraft:lapis_ore":37,"minecraft:diorite":115,"minecraft:warped_wart_block":2,"create:mechanical_saw":22,"create:blaze_burner":29,"create:mechanical_harvester":6,"minecraft:cobblestone_wall":4,"create:gearbox":23,"minecraft:spruce_log":192,"create:mechanical_drill":3,"minecraft:coal_ore":248,"create:mechanical_bearing":7,"create:smart_chute":2,"minecraft:gravel":54,"create:andesite_funnel":9,"minecraft:gold_ore":20,"minecraft:fern":1},"minecraft:broken":{"minecraft:iron_shovel":2,"minecraft:stone_pickaxe":9,"minecraft:stone_axe":1,"minecraft:iron_pickaxe":13,"create:sand_paper":1},"minecraft:killed_by":{"minecraft:creeper":1},"minecraft:crafted":{"minecraft:smooth_stone":7,"minecraft:barrel":29,"create:mechanical_harvester":4,"minecraft:stone":14,"minecraft:lever":6,"create:mechanical_bearing":1,"create:deployer":1,"create:vertical_gearbox":6,"minecraft:warped_planks":16,"minecraft:glass":8,"minecraft:hopper":1,"create:andesite_funnel":6,"minecraft:iron_boots":1,"create:mechanical_press":2,"minecraft:chest":15,"minecraft:copper_block":2,"create:brass_funnel":2,"create:cogwheel":98,"create:brass_hand":1,"minecraft:golden_boots":1,"minecraft:smoker":1,"minecraft:white_banner":1,"create:rose_quartz":8,"minecraft:map":1,"minecraft:spruce_planks":616,"create:mechanical_saw":8,"create:piston_extension_pole":40,"minecraft:baked_potato":227,"minecraft:wooden_pickaxe":1,"create:fluid_pipe":20,"minecraft:iron_helmet":1,"minecraft:copper_ingot":84,"create:sand_paper":1,"create:gearshift":5,"minecraft:campfire":9,"create:encased_chain_drive":2,"minecraft:cartography_table":1,"create:gearbox":10,"create:encased_fan":3,"minecraft:spruce_trapdoor":4,"minecraft:iron_chestplate":1,"minecraft:paper":33,"minecraft:charcoal":5,"create:water_wheel":1,"minecraft:shield":2,"create:super_glue":1,"minecraft:stick":200,"create:mechanical_pump":2,"minecraft:iron_ingot":248,"minecraft:compass":1,"minecraft:iron_pickaxe":17,"minecraft:iron_block":2,"minecraft:gold_ingot":25,"create:large_cogwheel":29,"create:propeller":3,"create:empty_blaze_burner":6,"create:chute":20,"create:wrench":1,"create:steam_engine":2,"minecraft:iron_nugget":389,"minecraft:furnace":2,"create:smart_chute":1,"minecraft:blast_furnace":2,"minecraft:bone_meal":48,"minecraft:flint_and_steel":1,"minecraft:iron_axe":1,"minecraft:iron_hoe":1,"minecraft:spruce_slab":60,"create:millstone":3,"minecraft:stone_pickaxe":8,"create:fluid_tank":27,"create:basin":1,"create:electron_tube":7,"create:belt_connector":15,"create:filter":1,"create:steam_whistle":1,"create:andesite_alloy":185,"create:hand_crank":1,"minecraft:spruce_sign":3,"create:mechanical_piston":1,"minecraft:dried_kelp":96,"minecraft:iron_sword":2,"create:goggles":1,"create:large_water_wheel":1,"minecraft:bucket":2,"create:sticky_mechanical_piston":1,"minecraft:stone_axe":2,"minecraft:bread":1,"minecraft:air":0,"minecraft:blue_dye":1,"create:linear_chassis":27,"minecraft:iron_shovel":4,"minecraft:iron_leggings":1,"create:mechanical_drill":3,"create:shaft":248,"minecraft:torch":164},"minecraft:custom":{"minecraft:interact_with_crafting_table":226,"minecraft:bell_ring":1,"minecraft:leave_game":18,"minecraft:time_since_death":1114469,"minecraft:sprint_one_cm":2039687,"minecraft:damage_blocked_by_shield":2520,"minecraft:drop":491,"minecraft:play_time":1268114,"minecraft:deaths":1,"minecraft:jump":12099,"minecraft:walk_on_water_one_cm":77266,"minecraft:enchant_item":1,"minecraft:interact_with_furnace":65,"minecraft:interact_with_cartography_table":3,"minecraft:sleep_in_bed":19,"minecraft:damage_dealt":15998,"minecraft:crouch_one_cm":80001,"minecraft:interact_with_smoker":55,"minecraft:mob_kills":80,"minecraft:inspect_hopper":2,"minecraft:climb_one_cm":694,"minecraft:walk_one_cm":3563192,"minecraft:sneak_time":27572,"minecraft:walk_under_water_one_cm":59235,"minecraft:interact_with_blast_furnace":93,"minecraft:total_world_time":1268114,"minecraft:interact_with_stonecutter":1,"minecraft:time_since_rest":6836,"minecraft:damage_taken":4655,"minecraft:swim_one_cm":74883,"minecraft:fly_one_cm":2922457,"minecraft:open_chest":918,"minecraft:fall_one_cm":586717},"minecraft:picked_up":{"minecraft:wheat":16,"create:wrench":1,"minecraft:string":5,"minecraft:raw_copper":270,"create:piston_extension_pole":33,"create:andesite_funnel":16,"create:sticky_mechanical_piston":4,"minecraft:cobbled_deepslate":417,"create:mechanical_press":2,"minecraft:gold_nugget":8,"minecraft:smooth_stone":5,"minecraft:spruce_planks":26,"artifacts:aqua_dashers":1,"minecraft:iron_pickaxe":2,"farmersdelight:cabbage_seeds":1,"minecraft:furnace":1,"minecraft:stick":75,"minecraft:composter":1,"minecraft:torch":77,"create:andesite_casing":43,"minecraft:diorite":113,"create:large_cogwheel":55,"minecraft:rotten_flesh":28,"minecraft:cobblestone":2540,"create:fluid_tank":23,"minecraft:andesite":152,"minecraft:potato":208,"create:belt_connector":31,"minecraft:flint":5,"minecraft:tuff":2,"minecraft:lapis_lazuli":289,"minecraft:dirt":1014,"create:encased_chain_drive":2,"minecraft:bone":15,"alexscaves:hazmat_mask":1,"minecraft:bow":1,"minecraft:wheat_seeds":59,"create:mechanical_drill":3,"minecraft:raw_gold":31,"create:goggles":4,"create:shaft":164,"minecraft:rabbit":2,"create:gearshift":9,"create:cogwheel":135,"create:empty_blaze_burner":1,"minecraft:poisonous_potato":1,"minecraft:sand":4,"create:steam_whistle":4,"minecraft:stripped_spruce_log":15,"create:filter":1,"minecraft:lever":7,"minecraft:granite":150,"minecraft:bread":2,"minecraft:netherrack":75,"create:copper_sheet":29,"minecraft:charcoal":17,"minecraft:crafting_table":1,"artifacts:night_vision_goggles":2,"create:mechanical_piston":4,"alexscaves:cinder_brick":1,"create:propeller":1,"minecraft:shield":1,"create:mechanical_harvester":6,"create:fluid_pipe":9,"immersive_aircraft:biplane":2,"minecraft:iron_axe":1,"create:chute":18,"graveyard:corruption":2,"create:brass_funnel":7,"create:basin":3,"minecraft:iron_nugget":4,"minecraft:poppy":2,"minecraft:sugar_cane":13,"minecraft:chest":18,"alexscaves:hazmat_chestplate":1,"minecraft:phantom_membrane":7,"minecraft:spruce_trapdoor":23,"create:linear_chassis":34,"minecraft:raw_iron":249,"minecraft:copper_ingot":2,"create:golden_sheet":5,"create:hand_crank":35,"minecraft:redstone":97,"create:steam_engine":1,"create:vertical_gearbox":15,"create:deployer":7,"minecraft:arrow":16,"minecraft:gold_ingot":1,"create:andesite_alloy":6,"create:blaze_burner":30,"minecraft:cobblestone_wall":4,"minecraft:gunpowder":5,"artifacts:cloud_in_a_bottle":2,"minecraft:cobblestone_stairs":1,"minecraft:paper":7,"alexscaves:slam":1,"minecraft:kelp":441,"minecraft:warped_stem":4,"minecraft:iron_ingot":1,"minecraft:stone_pickaxe":3,"minecraft:iron_sword":2,"create:mechanical_saw":22,"create:mechanical_bearing":7,"minecraft:pumpkin":39,"alexscaves:fissile_core":1,"minecraft:quartz":43,"minecraft:dandelion":1,"minecraft:gravel":308,"minecraft:spruce_sapling":115,"minecraft:spruce_log":326,"create:gearbox":8,"travelersbackpack:standard":2,"create:millstone":10,"minecraft:pumpkin_seeds":9,"create:brass_ingot":7,"minecraft:slime_ball":27,"minecraft:stone_axe":1,"alexscaves:spelunkie":1,"create:smart_chute":2,"create:encased_fan":6,"create:mechanical_pump":5,"alexscaves:cave_map":1,"minecraft:baked_potato":29,"minecraft:coal":248,"minecraft:hopper":1,"minecraft:ender_pearl":1},"minecraft:dropped":{"create:belt_connector":1,"minecraft:iron_sword":1,"minecraft:baked_potato":17,"travelersbackpack:standard":1,"graveyard:corruption":2,"artifacts:night_vision_goggles":1,"minecraft:dirt":9,"alexscaves:cinder_brick":1,"minecraft:sand":2,"create:goggles":3,"minecraft:iron_pickaxe":1,"create:large_cogwheel":1,"alexscaves:fissile_core":1,"minecraft:gold_ingot":6,"minecraft:gravel":415,"minecraft:iron_nugget":7,"create:wrench":1,"minecraft:netherrack":3,"create:andesite_alloy":7,"minecraft:iron_ingot":1,"minecraft:poisonous_potato":1,"minecraft:cobblestone":95,"alexscaves:hazmat_mask":1,"minecraft:copper_ingot":31,"minecraft:coal":1,"minecraft:torch":8,"minecraft:iron_axe":1,"minecraft:paper":7,"create:shaft":1,"artifacts:aqua_dashers":1,"create:propeller":1,"minecraft:spruce_trapdoor":1,"minecraft:spruce_planks":29,"minecraft:andesite":14,"alexscaves:hazmat_chestplate":1,"minecraft:spruce_log":13,"minecraft:stone_pickaxe":1},"minecraft:used":{"create:deployer":8,"minecraft:iron_shovel":897,"create:piston_extension_pole":52,"minecraft:poppy":2,"minecraft:chest":30,"minecraft:shield":65,"minecraft:iron_sword":268,"minecraft:rotten_flesh":2,"create:mechanical_bearing":8,"minecraft:iron_chestplate":1,"create:fluid_tank":28,"alexscaves:cinder_brick":1,"create:cogwheel":337,"minecraft:stripped_spruce_log":15,"minecraft:lava_bucket":6,"minecraft:iron_helmet":1,"create:millstone":13,"create:andesite_funnel":21,"create:mechanical_piston":4,"create:shaft":243,"create:steam_engine":3,"create:mechanical_drill":6,"immersive_aircraft:biplane":2,"minecraft:potato":148,"minecraft:golden_boots":1,"minecraft:stone_pickaxe":1181,"minecraft:wooden_pickaxe":58,"minecraft:sugar_cane":4,"create:mechanical_saw":30,"alexscaves:cave_book":1,"minecraft:blast_furnace":2,"minecraft:lever":14,"minecraft:bread":3,"create:andesite_casing":1,"minecraft:gravel":4,"create:basin":6,"minecraft:andesite":19,"create:vertical_gearbox":19,"create:steam_whistle":5,"minecraft:bone_meal":43,"create:large_cogwheel":112,"alexscaves:hazmat_chestplate":1,"minecraft:spruce_planks":7,"create:sticky_mechanical_piston":5,"minecraft:stone_hoe":91,"minecraft:netherrack":57,"minecraft:torch":240,"create:mechanical_pump":7,"minecraft:dirt":1316,"minecraft:hopper":2,"minecraft:granite":1,"create:chute":25,"create:smart_chute":3,"minecraft:iron_hoe":137,"create:wrench":237,"minecraft:filled_map":1,"create:gearbox":12,"minecraft:iron_axe":226,"minecraft:iron_boots":1,"create:encased_chain_drive":4,"create:fluid_pipe":27,"minecraft:cobbled_deepslate":5,"create:belt_connector":88,"create:gearshift":19,"minecraft:wheat_seeds":17,"minecraft:water_bucket":15,"minecraft:baked_potato":180,"create:empty_blaze_burner":2,"minecraft:cartography_table":1,"minecraft:spruce_sign":3,"create:blaze_burner":31,"create:encased_fan":9,"create:brass_funnel":9,"minecraft:crafting_table":1,"create:mechanical_harvester":10,"minecraft:campfire":9,"minecraft:spruce_log":40,"minecraft:smoker":1,"create:linear_chassis":61,"create:mechanical_press":4,"minecraft:iron_pickaxe":3570,"minecraft:map":1,"minecraft:spruce_trapdoor":12,"minecraft:spruce_sapling":652,"create:large_water_wheel":1,"minecraft:stone_axe":164,"minecraft:cobblestone":302,"travelersbackpack:standard":5,"minecraft:white_banner":1,"minecraft:bucket":21,"create:hand_crank":35,"minecraft:smooth_stone":6}},"DataVersion":3465}