{"stats":{"minecraft:killed_by":{"minecraft:creeper":1,"minecraft:enderman":1,"minecraft:skeleton":1},"minecraft:crafted":{"minecraft:smooth_stone":7,"minecraft:barrel":29,"create:mechanical_harvester":4,"minecraft:stone":14,"minecraft:lever":8,"create:mechanical_bearing":1,"create:deployer":1,"create:vertical_gearbox":8,"minecraft:warped_planks":16,"minecraft:glass":8,"minecraft:hopper":1,"create:andesite_funnel":10,"minecraft:iron_boots":3,"create:mechanical_press":2,"minecraft:chest":17,"minecraft:copper_block":2,"create:cuckoo_clock":1,"create:brass_funnel":2,"create:cogwheel":107,"create:brass_hand":1,"minecraft:golden_boots":1,"minecraft:smoker":1,"minecraft:white_banner":1,"create:rose_quartz":8,"minecraft:soul_campfire":5,"minecraft:map":2,"minecraft:spruce_planks":728,"create:mechanical_saw":8,"create:piston_extension_pole":40,"create:fluid_pipe":20,"minecraft:baked_potato":486,"minecraft:wooden_pickaxe":1,"minecraft:iron_helmet":3,"minecraft:clock":1,"minecraft:copper_ingot":84,"create:sand_paper":1,"create:gearshift":6,"minecraft:campfire":9,"create:encased_chain_drive":13,"create:clutch":1,"minecraft:cartography_table":1,"create:stressometer":1,"create:gearbox":13,"create:encased_fan":3,"minecraft:spruce_trapdoor":4,"minecraft:iron_chestplate":3,"minecraft:paper":96,"minecraft:charcoal":5,"create:water_wheel":1,"minecraft:shield":4,"create:super_glue":1,"minecraft:stick":200,"create:mechanical_pump":2,"minecraft:iron_ingot":380,"minecraft:compass":3,"minecraft:iron_pickaxe":31,"minecraft:iron_block":5,"minecraft:gold_ingot":56,"create:large_cogwheel":29,"create:propeller":3,"create:empty_blaze_burner":6,"create:chute":20,"create:wrench":1,"create:steam_engine":2,"minecraft:iron_nugget":497,"minecraft:furnace":2,"create:smart_chute":1,"minecraft:blast_furnace":2,"minecraft:bone_meal":48,"minecraft:flint_and_steel":1,"minecraft:iron_axe":2,"minecraft:spruce_slab":60,"minecraft:blue_banner":2,"minecraft:iron_hoe":1,"create:millstone":3,"minecraft:stone_pickaxe":8,"create:fluid_tank":27,"minecraft:spruce_boat":1,"create:basin":1,"create:electron_tube":7,"create:belt_connector":15,"create:filter":1,"create:steam_whistle":2,"create:andesite_alloy":225,"create:hand_crank":1,"minecraft:spruce_sign":6,"create:mechanical_piston":1,"minecraft:dried_kelp":96,"minecraft:iron_sword":3,"create:goggles":1,"create:large_water_wheel":1,"minecraft:blue_bed":1,"minecraft:bucket":4,"create:sticky_mechanical_piston":1,"minecraft:stone_axe":2,"minecraft:air":0,"minecraft:bread":1,"minecraft:blue_dye":14,"create:speedometer":1,"create:linear_chassis":27,"minecraft:blue_wool":12,"minecraft:iron_shovel":4,"minecraft:iron_leggings":4,"minecraft:anvil":1,"minecraft:white_bed":1,"create:mechanical_drill":7,"create:shaft":256,"minecraft:torch":316,"create:zinc_ingot":10},"minecraft:mined":{"minecraft:spruce_planks":6,"minecraft:white_bed":1,"minecraft:farmland":11,"minecraft:mossy_stone_brick_slab":1,"create:andesite_casing":63,"minecraft:cobblestone_stairs":3,"minecraft:spruce_trapdoor":22,"minecraft:granite":185,"minecraft:grass_block":566,"minecraft:hopper":1,"create:powered_shaft":5,"minecraft:composter":1,"create:belt":42,"minecraft:smooth_stone":5,"minecraft:tall_seagrass":1,"minecraft:iron_ore":357,"minecraft:cobbled_deepslate":2,"minecraft:fire":4,"minecraft:pumpkin":39,"minecraft:deepslate_lapis_ore":2,"minecraft:dirt_path":34,"create:gearshift":15,"minecraft:white_banner":1,"create:mechanical_press":2,"create:lit_blaze_burner":1,"minecraft:deepslate_redstone_ore":11,"minecraft:blue_banner":2,"create:cogwheel":139,"create:steam_engine":1,"minecraft:kelp_plant":46,"create:mechanical_piston":4,"minecraft:torch":34,"minecraft:poppy":2,"minecraft:chest":25,"minecraft:nether_quartz_ore":43,"minecraft:cobblestone":124,"minecraft:sugar_cane":5,"minecraft:damaged_anvil":2,"graveyard:gravestone":1,"minecraft:spruce_sign":1,"minecraft:wall_torch":8,"create:cuckoo_clock":1,"minecraft:deepslate_copper_ore":8,"minecraft:seagrass":5,"create:basin":5,"create:andesite_belt_funnel":8,"create:sticky_mechanical_piston":2,"graveyard:oak_coffin":1,"create:glass_fluid_pipe":3,"minecraft:wheat":17,"create:steam_whistle":4,"create:brass_belt_funnel":3,"graveyard:skull_pile":1,"minecraft:stone_brick_stairs":1,"minecraft:grass":25,"create:hand_crank":35,"minecraft:sand":2,"minecraft:dirt":616,"graveyard:small_cyan_urn":1,"create:encased_chain_drive":2,"minecraft:netherrack":163,"create:linear_chassis":34,"minecraft:oak_leaves":3,"minecraft:deepslate":422,"minecraft:attached_pumpkin_stem":1,"create:zinc_ore":10,"minecraft:nether_gold_ore":3,"create:brass_funnel":4,"minecraft:tuff":2,"create:millstone":8,"create:fluid_tank":23,"minecraft:lever":2,"minecraft:glow_lichen":3,"create:large_cogwheel":50,"create:encased_fan":6,"minecraft:soul_campfire":1,"minecraft:spruce_leaves":109,"minecraft:kelp":7,"minecraft:large_fern":4,"minecraft:redstone_ore":16,"create:shaft":154,"minecraft:spruce_sapling":39,"minecraft:furnace":1,"graveyard:tg_moss_block":1,"minecraft:andesite":232,"minecraft:stripped_spruce_log":15,"minecraft:mossy_stone_brick_stairs":1,"minecraft:potatoes":28,"minecraft:deepslate_iron_ore":28,"create:chute":22,"minecraft:warped_stem":4,"create:deployer":7,"minecraft:stone":3753,"create:piston_extension_pole":3,"minecraft:stone_brick_slab":1,"minecraft:crafting_table":1,"create:fluid_pipe":6,"create:mechanical_pump":5,"minecraft:campfire":9,"minecraft:copper_ore":86,"minecraft:tall_grass":1,"minecraft:lapis_ore":50,"minecraft:deepslate_gold_ore":21,"minecraft:blue_bed":3,"minecraft:diorite":301,"minecraft:warped_wart_block":2,"create:mechanical_saw":22,"create:blaze_burner":29,"minecraft:purple_bed":1,"create:mechanical_harvester":6,"graveyard:vase_block":2,"minecraft:cobblestone_wall":4,"create:gearbox":27,"minecraft:spruce_log":205,"minecraft:birch_leaves":1,"graveyard:leaning_skeleton":1,"create:mechanical_drill":9,"create:mechanical_bearing":7,"minecraft:coal_ore":336,"create:smart_chute":2,"minecraft:gravel":74,"minecraft:dripstone_block":2,"minecraft:stone_bricks":3,"minecraft:mossy_stone_bricks":2,"create:andesite_funnel":10,"minecraft:gold_ore":35,"minecraft:fern":1},"minecraft:picked_up":{"minecraft:iron_chestplate":1,"minecraft:wheat":16,"create:wrench":2,"minecraft:nether_brick":7,"minecraft:stone_brick_stairs":1,"minecraft:string":11,"minecraft:soul_soil":1,"minecraft:raw_copper":325,"create:piston_extension_pole":33,"create:andesite_funnel":18,"create:sticky_mechanical_piston":4,"minecraft:cobbled_deepslate":424,"create:mechanical_press":2,"minecraft:gold_nugget":8,"minecraft:smooth_stone":5,"minecraft:bucket":3,"minecraft:spruce_planks":26,"artifacts:aqua_dashers":1,"minecraft:iron_pickaxe":5,"farmersdelight:cabbage_seeds":1,"minecraft:furnace":1,"minecraft:stick":140,"minecraft:composter":1,"minecraft:torch":85,"create:andesite_casing":63,"minecraft:porkchop":4,"minecraft:pointed_dripstone":5,"minecraft:diorite":297,"create:large_cogwheel":58,"minecraft:rotten_flesh":48,"minecraft:tropical_fish":6,"graveyard:skull_on_pike":2,"minecraft:obsidian":3,"minecraft:cod":1,"minecraft:cobblestone":4510,"create:fluid_tank":23,"minecraft:andesite":246,"immersive_aircraft:warship":1,"minecraft:potato":209,"create:belt_connector":44,"minecraft:flint":6,"minecraft:tuff":2,"create:raw_zinc":10,"minecraft:lapis_lazuli":383,"minecraft:dirt":1139,"create:encased_chain_drive":2,"minecraft:bone":37,"alexscaves:hazmat_mask":1,"minecraft:bow":1,"minecraft:wheat_seeds":61,"minecraft:raw_gold":56,"create:mechanical_drill":9,"create:goggles":5,"create:shaft":189,"minecraft:rabbit":2,"minecraft:mossy_stone_brick_stairs":1,"create:gearshift":10,"create:cogwheel":144,"create:cuckoo_clock":1,"graveyard:bone_dagger":1,"create:empty_blaze_burner":1,"minecraft:poisonous_potato":1,"minecraft:sand":4,"create:steam_whistle":4,"minecraft:stripped_spruce_log":15,"minecraft:spectral_arrow":9,"create:filter":1,"minecraft:spruce_boat":1,"minecraft:lever":8,"minecraft:crossbow":1,"minecraft:granite":185,"minecraft:bone_meal":2,"minecraft:spruce_sign":1,"minecraft:bread":2,"minecraft:blue_banner":4,"minecraft:netherrack":156,"create:copper_sheet":29,"minecraft:charcoal":25,"minecraft:crafting_table":1,"artifacts:night_vision_goggles":2,"minecraft:chicken":1,"create:mechanical_piston":4,"alexscaves:cinder_brick":1,"create:propeller":1,"minecraft:shield":1,"create:mechanical_harvester":6,"create:fluid_pipe":9,"minecraft:iron_axe":1,"immersive_aircraft:biplane":2,"minecraft:blackstone":39,"create:chute":21,"graveyard:corruption":2,"create:brass_funnel":7,"create:basin":3,"minecraft:iron_nugget":13,"minecraft:poppy":2,"minecraft:sugar_cane":13,"minecraft:chest":25,"alexscaves:hazmat_chestplate":1,"minecraft:phantom_membrane":7,"minecraft:spruce_trapdoor":23,"create:linear_chassis":34,"minecraft:raw_iron":381,"minecraft:copper_ingot":2,"create:golden_sheet":5,"minecraft:fire_charge":1,"graveyard:small_cyan_urn":1,"create:hand_crank":38,"minecraft:redstone":138,"graveyard:torso_pile":2,"create:steam_engine":1,"create:vertical_gearbox":16,"create:deployer":7,"minecraft:arrow":23,"minecraft:gold_ingot":4,"minecraft:mutton":2,"minecraft:white_wool":1,"minecraft:bone_block":6,"minecraft:salmon":3,"minecraft:leather":2,"minecraft:filled_map":1,"create:andesite_alloy":6,"minecraft:cobblestone_stairs":3,"minecraft:golden_boots":1,"minecraft:cobblestone_wall":4,"minecraft:gunpowder":5,"artifacts:cloud_in_a_bottle":2,"create:blaze_burner":30,"minecraft:blue_bed":3,"minecraft:paper":7,"minecraft:white_banner":2,"minecraft:stone_bricks":1,"alexscaves:slam":1,"minecraft:kelp":441,"graveyard:bone_remains":1,"minecraft:warped_stem":4,"minecraft:iron_ingot":1,"minecraft:stone_pickaxe":3,"minecraft:iron_sword":3,"minecraft:soul_sand":19,"create:mechanical_saw":22,"create:mechanical_bearing":7,"minecraft:pumpkin":39,"minecraft:stone_brick_slab":1,"alexscaves:fissile_core":1,"minecraft:quartz":43,"minecraft:dandelion":1,"graveyard:skeleton_hand":2,"minecraft:dripstone_block":2,"minecraft:gravel":359,"minecraft:amethyst_shard":5,"minecraft:spruce_sapling":157,"minecraft:white_bed":1,"minecraft:spruce_log":337,"minecraft:mossy_stone_brick_slab":1,"minecraft:crying_obsidian":10,"create:gearbox":9,"travelersbackpack:standard":2,"create:millstone":10,"minecraft:pumpkin_seeds":9,"minecraft:purple_bed":1,"minecraft:slime_ball":27,"create:brass_ingot":7,"minecraft:stone_axe":1,"alexscaves:spelunkie":1,"create:smart_chute":2,"create:mechanical_pump":5,"create:encased_fan":6,"minecraft:iron_helmet":2,"alexscaves:cave_map":1,"minecraft:baked_potato":29,"minecraft:damaged_anvil":2,"minecraft:coal":335,"minecraft:hopper":1,"minecraft:ender_pearl":2},"minecraft:custom":{"minecraft:interact_with_crafting_table":283,"minecraft:bell_ring":1,"minecraft:leave_game":19,"minecraft:time_since_death":140010,"minecraft:sprint_one_cm":3244013,"minecraft:damage_blocked_by_shield":3550,"minecraft:drop":573,"minecraft:play_time":1710661,"minecraft:deaths":4,"minecraft:jump":17749,"minecraft:walk_on_water_one_cm":95589,"minecraft:enchant_item":8,"minecraft:interact_with_furnace":69,"minecraft:interact_with_cartography_table":7,"minecraft:interact_with_loom":1,"minecraft:sleep_in_bed":34,"minecraft:damage_dealt":21708,"minecraft:crouch_one_cm":140396,"minecraft:interact_with_smoker":75,"minecraft:interact_with_anvil":3,"minecraft:mob_kills":122,"minecraft:inspect_hopper":2,"minecraft:climb_one_cm":1363,"minecraft:walk_one_cm":4570000,"minecraft:sneak_time":50446,"minecraft:walk_under_water_one_cm":81593,"minecraft:boat_one_cm":22143,"minecraft:interact_with_blast_furnace":135,"minecraft:total_world_time":1710661,"minecraft:interact_with_stonecutter":1,"minecraft:interact_with_grindstone":1,"minecraft:time_since_rest":4003,"minecraft:damage_taken":7827,"minecraft:swim_one_cm":105887,"minecraft:fly_one_cm":4345016,"minecraft:open_chest":1304,"minecraft:fall_one_cm":771839},"minecraft:used":{"create:deployer":8,"minecraft:iron_shovel":933,"create:piston_extension_pole":52,"minecraft:poppy":2,"minecraft:shield":96,"minecraft:chest":38,"minecraft:iron_sword":342,"minecraft:rotten_flesh":7,"create:mechanical_bearing":8,"minecraft:iron_chestplate":1,"minecraft:soul_campfire":5,"create:fluid_tank":28,"alexscaves:cinder_brick":1,"create:cogwheel":362,"minecraft:stripped_spruce_log":15,"minecraft:spruce_boat":1,"minecraft:lava_bucket":19,"minecraft:iron_helmet":2,"create:millstone":13,"minecraft:blue_banner":4,"create:andesite_funnel":25,"create:shaft":283,"create:mechanical_piston":4,"create:steam_engine":3,"create:mechanical_drill":16,"immersive_aircraft:biplane":2,"minecraft:potato":148,"minecraft:golden_boots":2,"minecraft:diorite":32,"minecraft:stone_pickaxe":1181,"minecraft:wooden_pickaxe":58,"minecraft:sugar_cane":4,"minecraft:blue_bed":3,"create:mechanical_saw":30,"alexscaves:cave_book":1,"minecraft:blast_furnace":2,"minecraft:lever":17,"minecraft:bread":3,"create:andesite_casing":1,"minecraft:gravel":5,"create:basin":6,"create:stressometer":1,"minecraft:andesite":31,"create:steam_whistle":6,"create:vertical_gearbox":20,"minecraft:bone_meal":43,"create:large_cogwheel":113,"alexscaves:hazmat_chestplate":1,"minecraft:spruce_planks":12,"create:cuckoo_clock":2,"create:sticky_mechanical_piston":5,"minecraft:stone_hoe":91,"minecraft:netherrack":92,"minecraft:torch":378,"create:mechanical_pump":7,"minecraft:dirt":1583,"minecraft:anvil":1,"minecraft:hopper":2,"minecraft:granite":1,"create:chute":39,"create:smart_chute":3,"minecraft:iron_hoe":137,"create:wrench":303,"minecraft:filled_map":5,"create:gearbox":16,"minecraft:iron_axe":272,"minecraft:iron_boots":2,"create:encased_chain_drive":15,"create:fluid_pipe":27,"minecraft:cobbled_deepslate":5,"create:belt_connector":116,"create:gearshift":21,"minecraft:wheat_seeds":17,"minecraft:water_bucket":24,"minecraft:cobblestone_stairs":2,"create:empty_blaze_burner":2,"minecraft:cartography_table":1,"minecraft:baked_potato":271,"minecraft:spruce_sign":7,"create:blaze_burner":31,"graveyard:bone_dagger":38,"create:encased_fan":9,"create:brass_funnel":9,"minecraft:crafting_table":1,"create:mechanical_harvester":10,"minecraft:white_bed":1,"minecraft:campfire":9,"minecraft:spruce_log":68,"minecraft:smoker":1,"create:linear_chassis":61,"create:mechanical_press":4,"minecraft:chicken":1,"minecraft:iron_pickaxe":5774,"minecraft:map":3,"minecraft:spruce_trapdoor":12,"minecraft:spruce_sapling":999,"create:large_water_wheel":1,"minecraft:stone_axe":164,"minecraft:cobblestone":502,"travelersbackpack:standard":5,"minecraft:porkchop":4,"minecraft:white_banner":2,"minecraft:bucket":45,"create:hand_crank":39,"create:clutch":1,"minecraft:smooth_stone":6},"minecraft:dropped":{"create:belt_connector":1,"minecraft:iron_sword":1,"minecraft:baked_potato":17,"travelersbackpack:standard":1,"graveyard:corruption":2,"artifacts:night_vision_goggles":1,"minecraft:dirt":10,"alexscaves:cinder_brick":1,"minecraft:sand":2,"create:goggles":3,"minecraft:iron_pickaxe":1,"create:large_cogwheel":1,"alexscaves:fissile_core":1,"minecraft:gold_ingot":32,"minecraft:gravel":465,"minecraft:iron_nugget":7,"create:wrench":1,"minecraft:netherrack":3,"create:andesite_alloy":7,"minecraft:iron_ingot":1,"minecraft:poisonous_potato":1,"minecraft:cobblestone":95,"minecraft:iron_helmet":1,"alexscaves:hazmat_mask":1,"minecraft:copper_ingot":31,"minecraft:coal":1,"minecraft:torch":8,"minecraft:iron_leggings":1,"minecraft:iron_axe":1,"minecraft:paper":7,"create:shaft":1,"artifacts:aqua_dashers":1,"minecraft:iron_boots":1,"minecraft:potato":1,"create:propeller":1,"minecraft:spruce_trapdoor":1,"minecraft:spruce_planks":29,"minecraft:iron_chestplate":1,"minecraft:andesite":14,"alexscaves:hazmat_chestplate":1,"minecraft:spruce_log":13,"minecraft:stone_pickaxe":1},"minecraft:killed":{"graveyard:skeleton_creeper":1,"minecraft:spider":2,"minecraft:cod":1,"minecraft:skeleton":15,"minecraft:skeleton_horse":4,"minecraft:magma_cube":6,"minecraft:pig":2,"minecraft:zombie_villager":3,"minecraft:salmon":5,"minecraft:creeper":6,"minecraft:pillager":2,"minecraft:zombie":37,"minecraft:phantom":19,"minecraft:drowned":3,"graveyard:ghoul":7,"minecraft:wither_skeleton":1,"minecraft:enderman":3},"minecraft:broken":{"minecraft:iron_shovel":3,"minecraft:stone_pickaxe":9,"minecraft:stone_axe":1,"minecraft:iron_axe":1,"minecraft:iron_pickaxe":22,"create:sand_paper":1}},"DataVersion":3465}