{"stats":{"minecraft:killed_by":{"minecraft:creeper":1},"minecraft:crafted":{"minecraft:smooth_stone":7,"minecraft:barrel":10,"create:wrench":1,"create:steam_engine":2,"minecraft:iron_nugget":108,"minecraft:furnace":2,"minecraft:blast_furnace":2,"minecraft:stone":11,"create:mechanical_harvester":4,"minecraft:bone_meal":12,"create:mechanical_bearing":1,"minecraft:glass":7,"minecraft:iron_boots":1,"create:mechanical_press":1,"minecraft:iron_hoe":1,"minecraft:spruce_slab":24,"create:fluid_tank":8,"minecraft:stone_pickaxe":8,"minecraft:chest":6,"minecraft:copper_block":2,"create:cogwheel":22,"minecraft:smoker":1,"create:steam_whistle":1,"create:andesite_alloy":48,"create:hand_crank":1,"minecraft:spruce_sign":3,"minecraft:spruce_planks":180,"minecraft:iron_helmet":1,"minecraft:baked_potato":57,"create:fluid_pipe":20,"minecraft:wooden_pickaxe":1,"minecraft:iron_sword":1,"create:goggles":1,"create:large_water_wheel":1,"minecraft:copper_ingot":55,"minecraft:bucket":1,"minecraft:campfire":4,"minecraft:stone_axe":2,"minecraft:bread":1,"minecraft:air":0,"minecraft:iron_chestplate":1,"minecraft:charcoal":5,"create:water_wheel":1,"minecraft:shield":2,"create:super_glue":1,"minecraft:stick":96,"create:linear_chassis":9,"create:mechanical_pump":1,"minecraft:iron_ingot":138,"minecraft:iron_pickaxe":6,"minecraft:iron_block":1,"minecraft:iron_shovel":3,"minecraft:gold_ingot":16,"minecraft:iron_leggings":1,"create:large_cogwheel":19,"create:shaft":48,"minecraft:torch":136},"minecraft:mined":{"minecraft:spruce_planks":3,"minecraft:farmland":1,"create:andesite_casing":11,"create:fluid_tank":16,"minecraft:glow_lichen":2,"minecraft:granite":60,"minecraft:grass_block":385,"create:large_cogwheel":12,"minecraft:spruce_leaves":4,"create:powered_shaft":4,"minecraft:kelp":7,"minecraft:large_fern":2,"minecraft:smooth_stone":5,"minecraft:redstone_ore":5,"minecraft:spruce_sapling":2,"minecraft:furnace":1,"minecraft:iron_ore":121,"minecraft:cobbled_deepslate":1,"minecraft:andesite":58,"minecraft:stripped_spruce_log":9,"minecraft:pumpkin":29,"minecraft:potatoes":26,"minecraft:dirt_path":14,"minecraft:deepslate_iron_ore":18,"minecraft:stone":1604,"create:mechanical_press":2,"minecraft:deepslate_redstone_ore":3,"create:cogwheel":30,"minecraft:kelp_plant":1,"minecraft:crafting_table":1,"create:fluid_pipe":3,"minecraft:torch":4,"create:mechanical_pump":3,"minecraft:chest":1,"minecraft:copper_ore":56,"minecraft:cobblestone":15,"minecraft:lapis_ore":24,"minecraft:deepslate_gold_ore":2,"minecraft:sugar_cane":1,"minecraft:diorite":29,"minecraft:wall_torch":2,"minecraft:deepslate_copper_ore":8,"create:mechanical_harvester":6,"create:glass_fluid_pipe":2,"minecraft:wheat":17,"create:steam_whistle":3,"minecraft:spruce_log":94,"minecraft:grass":4,"minecraft:coal_ore":84,"create:mechanical_bearing":7,"create:hand_crank":3,"minecraft:gravel":6,"minecraft:dirt":290,"minecraft:gold_ore":14,"create:linear_chassis":10,"minecraft:oak_leaves":3,"minecraft:deepslate":17},"minecraft:picked_up":{"create:copper_sheet":29,"minecraft:crafting_table":1,"minecraft:wheat":16,"artifacts:night_vision_goggles":2,"minecraft:shield":1,"create:mechanical_harvester":6,"minecraft:string":5,"minecraft:raw_copper":219,"create:fluid_pipe":5,"graveyard:corruption":2,"minecraft:cobbled_deepslate":18,"create:mechanical_press":2,"minecraft:smooth_stone":5,"minecraft:spruce_planks":3,"artifacts:aqua_dashers":1,"minecraft:iron_pickaxe":1,"minecraft:sugar_cane":3,"minecraft:chest":1,"minecraft:phantom_membrane":2,"create:linear_chassis":10,"minecraft:furnace":1,"minecraft:stick":28,"minecraft:raw_iron":139,"minecraft:copper_ingot":2,"create:golden_sheet":5,"minecraft:torch":40,"create:andesite_casing":11,"create:hand_crank":3,"minecraft:diorite":27,"minecraft:redstone":52,"create:large_cogwheel":14,"minecraft:rotten_flesh":27,"minecraft:arrow":15,"minecraft:gold_ingot":1,"minecraft:cobblestone":1657,"create:fluid_tank":16,"minecraft:andesite":56,"minecraft:potato":88,"minecraft:flint":1,"artifacts:cloud_in_a_bottle":2,"minecraft:gunpowder":2,"minecraft:lapis_lazuli":199,"minecraft:dirt":661,"minecraft:bone":12,"minecraft:kelp":11,"minecraft:bow":1,"minecraft:wheat_seeds":52,"minecraft:raw_gold":16,"minecraft:stone_pickaxe":3,"create:goggles":3,"create:shaft":4,"minecraft:iron_sword":2,"create:mechanical_bearing":7,"minecraft:pumpkin":29,"create:cogwheel":31,"minecraft:dandelion":1,"minecraft:poisonous_potato":1,"minecraft:gravel":6,"minecraft:sand":2,"create:steam_whistle":3,"minecraft:stripped_spruce_log":9,"minecraft:spruce_sapling":11,"minecraft:spruce_log":90,"minecraft:slime_ball":27,"minecraft:stone_axe":1,"create:mechanical_pump":3,"minecraft:granite":60,"minecraft:bread":2,"minecraft:baked_potato":27,"minecraft:coal":87},"minecraft:custom":{"minecraft:mob_kills":51,"minecraft:interact_with_crafting_table":104,"minecraft:time_since_death":264725,"minecraft:climb_one_cm":363,"minecraft:sprint_one_cm":520044,"minecraft:walk_one_cm":1107493,"minecraft:damage_blocked_by_shield":2240,"minecraft:drop":105,"minecraft:play_time":418370,"minecraft:sneak_time":10919,"minecraft:deaths":1,"minecraft:walk_under_water_one_cm":24966,"minecraft:jump":3350,"minecraft:interact_with_blast_furnace":57,"minecraft:walk_on_water_one_cm":30102,"minecraft:total_world_time":418370,"minecraft:interact_with_furnace":43,"minecraft:sleep_in_bed":5,"minecraft:time_since_rest":68198,"minecraft:damage_taken":2092,"minecraft:damage_dealt":9641,"minecraft:swim_one_cm":21088,"minecraft:fly_one_cm":579786,"minecraft:open_chest":256,"minecraft:crouch_one_cm":38277,"minecraft:interact_with_smoker":30,"minecraft:fall_one_cm":68685},"minecraft:used":{"minecraft:iron_shovel":627,"minecraft:chest":5,"minecraft:spruce_planks":5,"minecraft:shield":61,"minecraft:iron_sword":161,"minecraft:rotten_flesh":2,"create:mechanical_bearing":8,"minecraft:torch":129,"create:fluid_tank":15,"create:mechanical_pump":4,"minecraft:dirt":767,"create:cogwheel":81,"minecraft:granite":1,"minecraft:stripped_spruce_log":9,"minecraft:iron_hoe":137,"create:wrench":92,"minecraft:iron_boots":1,"create:shaft":6,"create:steam_engine":2,"create:fluid_pipe":12,"minecraft:potato":70,"minecraft:cobbled_deepslate":2,"minecraft:wheat_seeds":17,"minecraft:water_bucket":4,"minecraft:stone_pickaxe":1181,"minecraft:baked_potato":53,"minecraft:wooden_pickaxe":58,"minecraft:spruce_sign":3,"minecraft:crafting_table":1,"create:mechanical_harvester":10,"minecraft:blast_furnace":2,"minecraft:campfire":4,"minecraft:spruce_log":4,"minecraft:smoker":1,"create:linear_chassis":17,"create:mechanical_press":3,"minecraft:iron_pickaxe":1006,"minecraft:bread":3,"minecraft:spruce_sapling":19,"create:andesite_casing":1,"create:large_water_wheel":1,"minecraft:stone_axe":164,"minecraft:cobblestone":150,"minecraft:andesite":11,"minecraft:bucket":5,"create:hand_crank":3,"create:steam_whistle":4,"minecraft:bone_meal":12,"minecraft:smooth_stone":6,"create:large_cogwheel":44},"minecraft:dropped":{"minecraft:iron_sword":1,"minecraft:poisonous_potato":1,"minecraft:cobblestone":48,"minecraft:copper_ingot":31,"graveyard:corruption":2,"artifacts:night_vision_goggles":1,"minecraft:torch":8,"create:goggles":2,"minecraft:sand":2,"create:large_cogwheel":1,"minecraft:gold_ingot":6,"artifacts:aqua_dashers":1,"minecraft:stone_pickaxe":1},"minecraft:killed":{"graveyard:skeleton_creeper":1,"minecraft:spider":1,"minecraft:phantom":3,"minecraft:skeleton":10,"minecraft:drowned":2,"graveyard:ghoul":5,"minecraft:zombie_villager":3,"minecraft:creeper":3,"minecraft:zombie":21},"minecraft:broken":{"minecraft:iron_shovel":2,"minecraft:stone_pickaxe":9,"minecraft:stone_axe":1,"minecraft:iron_pickaxe":4}},"DataVersion":3465}