{"stats":{"minecraft:killed":{"graveyard:skeleton_creeper":1,"minecraft:spider":1,"minecraft:cod":1,"minecraft:skeleton":11,"minecraft:pig":2,"minecraft:zombie_villager":3,"minecraft:salmon":5,"minecraft:creeper":6,"minecraft:zombie":27,"minecraft:phantom":19,"minecraft:drowned":3,"graveyard:ghoul":6,"minecraft:wither_skeleton":1,"minecraft:enderman":2},"minecraft:mined":{"minecraft:spruce_planks":6,"minecraft:farmland":11,"create:andesite_casing":46,"minecraft:cobblestone_stairs":3,"minecraft:spruce_trapdoor":22,"minecraft:granite":182,"minecraft:grass_block":564,"minecraft:hopper":1,"create:powered_shaft":5,"minecraft:composter":1,"create:belt":39,"minecraft:smooth_stone":5,"minecraft:tall_seagrass":1,"minecraft:iron_ore":278,"minecraft:cobbled_deepslate":2,"minecraft:pumpkin":39,"minecraft:dirt_path":33,"create:gearshift":15,"create:mechanical_press":2,"create:lit_blaze_burner":1,"minecraft:deepslate_redstone_ore":8,"create:cogwheel":138,"create:steam_engine":1,"minecraft:kelp_plant":46,"create:mechanical_piston":4,"minecraft:torch":33,"minecraft:poppy":2,"minecraft:chest":18,"minecraft:nether_quartz_ore":43,"minecraft:cobblestone":117,"minecraft:sugar_cane":5,"minecraft:wall_torch":7,"create:cuckoo_clock":1,"minecraft:deepslate_copper_ore":8,"minecraft:seagrass":5,"create:basin":5,"create:andesite_belt_funnel":8,"create:sticky_mechanical_piston":2,"create:glass_fluid_pipe":3,"minecraft:wheat":17,"create:brass_belt_funnel":3,"create:steam_whistle":4,"minecraft:grass":23,"create:hand_crank":31,"minecraft:sand":2,"minecraft:dirt":543,"create:encased_chain_drive":2,"minecraft:netherrack":77,"create:linear_chassis":34,"minecraft:oak_leaves":3,"minecraft:deepslate":416,"create:zinc_ore":10,"minecraft:attached_pumpkin_stem":1,"create:brass_funnel":4,"minecraft:nether_gold_ore":3,"minecraft:tuff":2,"create:millstone":8,"create:fluid_tank":23,"minecraft:glow_lichen":3,"minecraft:lever":2,"create:large_cogwheel":50,"create:encased_fan":6,"minecraft:spruce_leaves":109,"minecraft:kelp":7,"minecraft:large_fern":4,"minecraft:redstone_ore":16,"create:shaft":148,"minecraft:spruce_sapling":34,"minecraft:furnace":1,"minecraft:andesite":195,"minecraft:stripped_spruce_log":15,"minecraft:potatoes":28,"minecraft:deepslate_iron_ore":21,"create:chute":21,"minecraft:warped_stem":4,"create:deployer":7,"minecraft:stone":3522,"create:piston_extension_pole":3,"minecraft:crafting_table":1,"create:fluid_pipe":6,"create:mechanical_pump":5,"minecraft:campfire":5,"minecraft:copper_ore":82,"minecraft:tall_grass":1,"minecraft:deepslate_gold_ore":11,"minecraft:lapis_ore":50,"minecraft:diorite":198,"minecraft:warped_wart_block":2,"create:mechanical_saw":22,"create:blaze_burner":29,"minecraft:purple_bed":1,"create:mechanical_harvester":6,"minecraft:cobblestone_wall":4,"create:gearbox":26,"minecraft:spruce_log":202,"create:mechanical_drill":6,"minecraft:coal_ore":323,"create:mechanical_bearing":7,"create:smart_chute":2,"minecraft:gravel":72,"create:andesite_funnel":9,"minecraft:gold_ore":35,"minecraft:fern":1},"minecraft:broken":{"minecraft:iron_shovel":3,"minecraft:stone_pickaxe":9,"minecraft:stone_axe":1,"minecraft:iron_pickaxe":20,"create:sand_paper":1},"minecraft:killed_by":{"minecraft:creeper":1,"minecraft:skeleton":1},"minecraft:crafted":{"minecraft:smooth_stone":7,"minecraft:barrel":29,"create:mechanical_harvester":4,"minecraft:stone":14,"minecraft:lever":7,"create:mechanical_bearing":1,"create:deployer":1,"create:vertical_gearbox":7,"minecraft:warped_planks":16,"minecraft:glass":8,"minecraft:hopper":1,"create:andesite_funnel":10,"minecraft:iron_boots":2,"create:mechanical_press":2,"minecraft:chest":15,"minecraft:copper_block":2,"create:cuckoo_clock":1,"create:brass_funnel":2,"create:cogwheel":102,"create:brass_hand":1,"minecraft:golden_boots":1,"minecraft:smoker":1,"minecraft:white_banner":1,"create:rose_quartz":8,"minecraft:map":2,"minecraft:spruce_planks":656,"create:mechanical_saw":8,"create:piston_extension_pole":40,"minecraft:baked_potato":422,"create:fluid_pipe":20,"minecraft:wooden_pickaxe":1,"minecraft:iron_helmet":3,"minecraft:clock":1,"minecraft:copper_ingot":84,"create:sand_paper":1,"create:gearshift":6,"minecraft:campfire":9,"create:encased_chain_drive":2,"minecraft:cartography_table":1,"create:gearbox":12,"create:encased_fan":3,"minecraft:spruce_trapdoor":4,"minecraft:iron_chestplate":3,"minecraft:paper":96,"minecraft:charcoal":5,"create:water_wheel":1,"minecraft:shield":3,"create:super_glue":1,"minecraft:stick":200,"create:mechanical_pump":2,"minecraft:iron_ingot":295,"minecraft:compass":2,"minecraft:iron_pickaxe":30,"minecraft:iron_block":2,"minecraft:gold_ingot":46,"create:large_cogwheel":29,"create:propeller":3,"create:empty_blaze_burner":6,"create:chute":20,"create:wrench":1,"create:steam_engine":2,"minecraft:iron_nugget":389,"minecraft:furnace":2,"create:smart_chute":1,"minecraft:blast_furnace":2,"minecraft:bone_meal":48,"minecraft:flint_and_steel":1,"minecraft:iron_axe":1,"minecraft:spruce_slab":60,"minecraft:iron_hoe":1,"create:millstone":3,"create:fluid_tank":27,"minecraft:stone_pickaxe":8,"minecraft:spruce_boat":1,"create:basin":1,"create:electron_tube":7,"create:belt_connector":15,"create:filter":1,"create:steam_whistle":2,"create:andesite_alloy":185,"create:hand_crank":1,"minecraft:spruce_sign":3,"create:mechanical_piston":1,"minecraft:dried_kelp":96,"minecraft:iron_sword":3,"create:goggles":1,"create:large_water_wheel":1,"minecraft:bucket":2,"create:sticky_mechanical_piston":1,"minecraft:stone_axe":2,"minecraft:bread":1,"minecraft:air":0,"minecraft:blue_dye":1,"create:linear_chassis":27,"minecraft:iron_shovel":4,"minecraft:iron_leggings":3,"create:mechanical_drill":3,"create:shaft":248,"minecraft:torch":264,"create:zinc_ingot":10},"minecraft:custom":{"minecraft:interact_with_crafting_table":255,"minecraft:bell_ring":1,"minecraft:leave_game":19,"minecraft:time_since_death":55282,"minecraft:sprint_one_cm":2614516,"minecraft:damage_blocked_by_shield":2520,"minecraft:drop":518,"minecraft:play_time":1465520,"minecraft:deaths":3,"minecraft:jump":14843,"minecraft:walk_on_water_one_cm":86175,"minecraft:enchant_item":6,"minecraft:interact_with_furnace":69,"minecraft:interact_with_cartography_table":7,"minecraft:interact_with_loom":1,"minecraft:sleep_in_bed":21,"minecraft:damage_dealt":17110,"minecraft:crouch_one_cm":102999,"minecraft:interact_with_smoker":69,"minecraft:mob_kills":91,"minecraft:inspect_hopper":2,"minecraft:climb_one_cm":1009,"minecraft:walk_one_cm":3997835,"minecraft:sneak_time":37357,"minecraft:walk_under_water_one_cm":77465,"minecraft:boat_one_cm":22143,"minecraft:interact_with_blast_furnace":120,"minecraft:total_world_time":1465520,"minecraft:interact_with_stonecutter":1,"minecraft:interact_with_grindstone":1,"minecraft:time_since_rest":55312,"minecraft:damage_taken":6054,"minecraft:swim_one_cm":100208,"minecraft:fly_one_cm":3733199,"minecraft:open_chest":1109,"minecraft:fall_one_cm":701650},"minecraft:picked_up":{"minecraft:wheat":16,"create:wrench":1,"minecraft:string":5,"minecraft:raw_copper":314,"create:piston_extension_pole":33,"create:andesite_funnel":17,"create:sticky_mechanical_piston":4,"minecraft:cobbled_deepslate":418,"create:mechanical_press":2,"minecraft:gold_nugget":8,"minecraft:smooth_stone":5,"minecraft:spruce_planks":26,"artifacts:aqua_dashers":1,"minecraft:iron_pickaxe":2,"farmersdelight:cabbage_seeds":1,"minecraft:furnace":1,"minecraft:stick":77,"minecraft:composter":1,"minecraft:torch":81,"create:andesite_casing":46,"minecraft:porkchop":4,"minecraft:diorite":196,"create:large_cogwheel":55,"minecraft:rotten_flesh":37,"minecraft:cod":1,"minecraft:cobblestone":3691,"create:fluid_tank":23,"minecraft:andesite":201,"immersive_aircraft:warship":1,"minecraft:potato":208,"create:belt_connector":37,"minecraft:flint":6,"minecraft:tuff":2,"create:raw_zinc":10,"minecraft:lapis_lazuli":371,"minecraft:dirt":1078,"create:encased_chain_drive":2,"minecraft:bone":15,"alexscaves:hazmat_mask":1,"minecraft:bow":1,"minecraft:wheat_seeds":61,"minecraft:raw_gold":46,"create:mechanical_drill":6,"create:goggles":4,"create:shaft":181,"minecraft:rabbit":2,"create:gearshift":10,"create:cogwheel":141,"create:cuckoo_clock":1,"graveyard:bone_dagger":1,"create:empty_blaze_burner":1,"minecraft:poisonous_potato":1,"minecraft:sand":4,"create:steam_whistle":4,"minecraft:stripped_spruce_log":15,"create:filter":1,"minecraft:spruce_boat":1,"minecraft:lever":8,"minecraft:granite":182,"minecraft:bone_meal":1,"minecraft:bread":2,"minecraft:netherrack":75,"create:copper_sheet":29,"minecraft:charcoal":17,"minecraft:crafting_table":1,"artifacts:night_vision_goggles":2,"minecraft:chicken":1,"create:mechanical_piston":4,"alexscaves:cinder_brick":1,"create:propeller":1,"minecraft:shield":1,"create:mechanical_harvester":6,"immersive_aircraft:biplane":2,"create:fluid_pipe":9,"minecraft:iron_axe":1,"create:chute":20,"graveyard:corruption":2,"create:brass_funnel":7,"create:basin":3,"minecraft:iron_nugget":4,"minecraft:poppy":2,"minecraft:sugar_cane":13,"minecraft:chest":18,"alexscaves:hazmat_chestplate":1,"minecraft:phantom_membrane":7,"minecraft:spruce_trapdoor":23,"create:linear_chassis":34,"minecraft:raw_iron":296,"minecraft:copper_ingot":2,"create:golden_sheet":5,"create:hand_crank":35,"minecraft:redstone":124,"create:steam_engine":1,"create:vertical_gearbox":16,"create:deployer":7,"minecraft:arrow":16,"minecraft:gold_ingot":1,"minecraft:salmon":3,"create:andesite_alloy":6,"minecraft:cobblestone_stairs":3,"minecraft:cobblestone_wall":4,"minecraft:gunpowder":5,"artifacts:cloud_in_a_bottle":2,"create:blaze_burner":30,"minecraft:paper":7,"alexscaves:slam":1,"minecraft:kelp":441,"minecraft:warped_stem":4,"minecraft:iron_ingot":1,"minecraft:stone_pickaxe":3,"minecraft:iron_sword":2,"create:mechanical_saw":22,"create:mechanical_bearing":7,"minecraft:pumpkin":39,"alexscaves:fissile_core":1,"minecraft:quartz":43,"minecraft:dandelion":1,"minecraft:gravel":331,"minecraft:spruce_sapling":142,"minecraft:spruce_log":334,"create:gearbox":9,"travelersbackpack:standard":2,"create:millstone":10,"minecraft:pumpkin_seeds":9,"minecraft:purple_bed":1,"create:brass_ingot":7,"minecraft:slime_ball":27,"minecraft:stone_axe":1,"alexscaves:spelunkie":1,"create:smart_chute":2,"create:encased_fan":6,"create:mechanical_pump":5,"alexscaves:cave_map":1,"minecraft:baked_potato":29,"minecraft:coal":322,"minecraft:hopper":1,"minecraft:ender_pearl":1},"minecraft:dropped":{"create:belt_connector":1,"minecraft:iron_sword":1,"minecraft:baked_potato":17,"travelersbackpack:standard":1,"graveyard:corruption":2,"artifacts:night_vision_goggles":1,"minecraft:dirt":10,"alexscaves:cinder_brick":1,"minecraft:sand":2,"create:goggles":3,"minecraft:iron_pickaxe":1,"create:large_cogwheel":1,"alexscaves:fissile_core":1,"minecraft:gold_ingot":6,"minecraft:gravel":437,"minecraft:iron_nugget":7,"create:wrench":1,"minecraft:netherrack":3,"create:andesite_alloy":7,"minecraft:iron_ingot":1,"minecraft:poisonous_potato":1,"minecraft:iron_helmet":1,"minecraft:cobblestone":95,"alexscaves:hazmat_mask":1,"minecraft:copper_ingot":31,"minecraft:coal":1,"minecraft:torch":8,"minecraft:iron_leggings":1,"minecraft:iron_axe":1,"minecraft:paper":7,"create:shaft":1,"artifacts:aqua_dashers":1,"minecraft:iron_boots":1,"create:propeller":1,"minecraft:spruce_trapdoor":1,"minecraft:spruce_planks":29,"minecraft:iron_chestplate":1,"minecraft:andesite":14,"alexscaves:hazmat_chestplate":1,"minecraft:spruce_log":13,"minecraft:stone_pickaxe":1},"minecraft:used":{"create:deployer":8,"minecraft:iron_shovel":933,"create:piston_extension_pole":52,"minecraft:poppy":2,"minecraft:shield":65,"minecraft:chest":30,"minecraft:iron_sword":277,"minecraft:rotten_flesh":7,"create:mechanical_bearing":8,"minecraft:iron_chestplate":1,"create:fluid_tank":28,"alexscaves:cinder_brick":1,"create:cogwheel":345,"minecraft:stripped_spruce_log":15,"minecraft:spruce_boat":1,"minecraft:lava_bucket":9,"minecraft:iron_helmet":2,"create:millstone":13,"create:andesite_funnel":22,"create:shaft":268,"create:mechanical_piston":4,"create:steam_engine":3,"create:mechanical_drill":6,"immersive_aircraft:biplane":2,"minecraft:potato":148,"minecraft:golden_boots":1,"minecraft:stone_pickaxe":1181,"minecraft:wooden_pickaxe":58,"minecraft:sugar_cane":4,"create:mechanical_saw":30,"alexscaves:cave_book":1,"minecraft:blast_furnace":2,"minecraft:lever":15,"minecraft:bread":3,"create:andesite_casing":1,"minecraft:gravel":5,"create:basin":6,"minecraft:andesite":19,"create:steam_whistle":6,"create:vertical_gearbox":20,"minecraft:bone_meal":43,"create:large_cogwheel":112,"alexscaves:hazmat_chestplate":1,"minecraft:spruce_planks":7,"create:cuckoo_clock":2,"create:sticky_mechanical_piston":5,"minecraft:stone_hoe":91,"minecraft:netherrack":57,"minecraft:torch":267,"create:mechanical_pump":7,"minecraft:dirt":1322,"minecraft:hopper":2,"minecraft:granite":1,"create:chute":25,"create:smart_chute":3,"minecraft:iron_hoe":137,"create:wrench":278,"minecraft:filled_map":1,"create:gearbox":14,"minecraft:iron_axe":238,"minecraft:iron_boots":1,"create:encased_chain_drive":4,"create:fluid_pipe":27,"minecraft:cobbled_deepslate":5,"create:belt_connector":106,"create:gearshift":20,"minecraft:wheat_seeds":17,"minecraft:water_bucket":20,"minecraft:cobblestone_stairs":2,"create:empty_blaze_burner":2,"minecraft:cartography_table":1,"minecraft:baked_potato":217,"minecraft:spruce_sign":3,"create:blaze_burner":31,"graveyard:bone_dagger":8,"create:encased_fan":9,"create:brass_funnel":9,"minecraft:crafting_table":1,"create:mechanical_harvester":10,"minecraft:campfire":9,"minecraft:spruce_log":48,"minecraft:smoker":1,"create:linear_chassis":61,"create:mechanical_press":4,"minecraft:chicken":1,"minecraft:iron_pickaxe":5122,"minecraft:map":3,"minecraft:spruce_trapdoor":12,"minecraft:spruce_sapling":824,"create:large_water_wheel":1,"minecraft:stone_axe":164,"minecraft:cobblestone":389,"travelersbackpack:standard":5,"minecraft:white_banner":1,"minecraft:porkchop":4,"minecraft:bucket":30,"create:hand_crank":35,"minecraft:smooth_stone":6}},"DataVersion":3465}