{"stats":{"minecraft:killed_by":{"minecraft:creeper":1},"minecraft:crafted":{"minecraft:smooth_stone":7,"minecraft:barrel":29,"create:mechanical_harvester":4,"minecraft:stone":11,"minecraft:lever":2,"create:mechanical_bearing":1,"create:deployer":1,"create:vertical_gearbox":3,"minecraft:glass":7,"create:andesite_funnel":2,"minecraft:iron_boots":1,"create:mechanical_press":1,"minecraft:chest":10,"minecraft:copper_block":2,"create:cogwheel":43,"create:brass_hand":1,"minecraft:golden_boots":1,"minecraft:smoker":1,"create:rose_quartz":8,"minecraft:spruce_planks":516,"create:mechanical_saw":7,"create:piston_extension_pole":24,"create:fluid_pipe":20,"minecraft:wooden_pickaxe":1,"minecraft:baked_potato":179,"minecraft:iron_helmet":1,"minecraft:copper_ingot":84,"create:sand_paper":1,"create:gearshift":1,"minecraft:campfire":9,"create:gearbox":4,"create:encased_fan":1,"minecraft:iron_chestplate":1,"minecraft:paper":6,"minecraft:charcoal":5,"create:water_wheel":1,"minecraft:shield":2,"create:super_glue":1,"minecraft:stick":136,"create:mechanical_pump":2,"minecraft:iron_ingot":189,"minecraft:iron_pickaxe":10,"minecraft:iron_block":1,"minecraft:gold_ingot":16,"create:large_cogwheel":22,"create:propeller":1,"create:empty_blaze_burner":6,"create:wrench":1,"create:steam_engine":2,"minecraft:iron_nugget":227,"minecraft:furnace":2,"minecraft:blast_furnace":2,"minecraft:bone_meal":48,"minecraft:flint_and_steel":1,"minecraft:iron_axe":1,"minecraft:iron_hoe":1,"minecraft:spruce_slab":60,"minecraft:stone_pickaxe":8,"create:fluid_tank":27,"create:electron_tube":7,"create:belt_connector":3,"create:steam_whistle":1,"create:andesite_alloy":106,"create:hand_crank":1,"minecraft:spruce_sign":3,"create:mechanical_piston":1,"minecraft:dried_kelp":40,"minecraft:iron_sword":2,"create:goggles":1,"create:large_water_wheel":1,"minecraft:bucket":1,"create:sticky_mechanical_piston":1,"minecraft:stone_axe":2,"minecraft:bread":1,"minecraft:air":0,"create:linear_chassis":27,"minecraft:iron_shovel":3,"minecraft:iron_leggings":1,"create:shaft":120,"minecraft:torch":136},"minecraft:mined":{"minecraft:spruce_planks":5,"minecraft:farmland":11,"create:andesite_casing":23,"minecraft:cobblestone_stairs":1,"minecraft:spruce_trapdoor":11,"minecraft:granite":66,"minecraft:grass_block":403,"create:powered_shaft":4,"minecraft:composter":1,"create:belt":5,"minecraft:smooth_stone":5,"minecraft:tall_seagrass":1,"minecraft:iron_ore":173,"minecraft:cobbled_deepslate":1,"minecraft:pumpkin":39,"minecraft:dirt_path":22,"create:gearshift":3,"create:mechanical_press":2,"create:lit_blaze_burner":1,"minecraft:deepslate_redstone_ore":3,"create:cogwheel":48,"create:steam_engine":1,"minecraft:kelp_plant":46,"create:mechanical_piston":4,"minecraft:torch":6,"minecraft:poppy":2,"minecraft:chest":12,"minecraft:nether_quartz_ore":43,"minecraft:cobblestone":29,"minecraft:sugar_cane":5,"minecraft:wall_torch":2,"minecraft:deepslate_copper_ore":8,"minecraft:seagrass":5,"create:andesite_belt_funnel":1,"create:sticky_mechanical_piston":2,"create:glass_fluid_pipe":3,"minecraft:wheat":17,"create:steam_whistle":4,"minecraft:grass":21,"create:hand_crank":11,"minecraft:sand":2,"minecraft:dirt":319,"minecraft:netherrack":49,"create:linear_chassis":30,"minecraft:oak_leaves":3,"minecraft:deepslate":17,"minecraft:attached_pumpkin_stem":1,"minecraft:nether_gold_ore":3,"create:fluid_tank":23,"minecraft:glow_lichen":2,"create:large_cogwheel":31,"create:encased_fan":3,"minecraft:spruce_leaves":59,"minecraft:kelp":7,"minecraft:large_fern":4,"minecraft:redstone_ore":10,"create:shaft":42,"minecraft:spruce_sapling":9,"minecraft:furnace":1,"minecraft:andesite":64,"minecraft:stripped_spruce_log":14,"minecraft:potatoes":27,"minecraft:deepslate_iron_ore":18,"minecraft:warped_stem":4,"create:deployer":7,"minecraft:stone":1789,"create:piston_extension_pole":2,"minecraft:crafting_table":1,"create:fluid_pipe":6,"create:mechanical_pump":5,"minecraft:campfire":5,"minecraft:tall_grass":1,"minecraft:copper_ore":56,"minecraft:lapis_ore":26,"minecraft:deepslate_gold_ore":2,"minecraft:diorite":45,"minecraft:warped_wart_block":2,"create:mechanical_saw":20,"create:blaze_burner":26,"create:mechanical_harvester":6,"minecraft:cobblestone_wall":4,"create:gearbox":6,"minecraft:spruce_log":187,"minecraft:coal_ore":131,"create:mechanical_bearing":7,"minecraft:gravel":6,"create:andesite_funnel":6,"minecraft:gold_ore":20,"minecraft:fern":1},"minecraft:picked_up":{"minecraft:wheat":16,"minecraft:string":5,"minecraft:raw_copper":219,"create:piston_extension_pole":32,"create:andesite_funnel":7,"create:sticky_mechanical_piston":4,"minecraft:cobbled_deepslate":18,"minecraft:gold_nugget":8,"create:mechanical_press":2,"minecraft:smooth_stone":5,"minecraft:spruce_planks":5,"artifacts:aqua_dashers":1,"minecraft:iron_pickaxe":1,"farmersdelight:cabbage_seeds":1,"minecraft:furnace":1,"minecraft:stick":73,"minecraft:composter":1,"minecraft:torch":45,"create:andesite_casing":23,"minecraft:diorite":43,"create:large_cogwheel":34,"minecraft:rotten_flesh":27,"minecraft:cobblestone":1854,"create:fluid_tank":23,"minecraft:andesite":61,"minecraft:potato":124,"create:belt_connector":4,"minecraft:flint":1,"minecraft:dirt":728,"minecraft:lapis_lazuli":208,"minecraft:bone":15,"minecraft:bow":1,"minecraft:wheat_seeds":58,"minecraft:raw_gold":22,"create:goggles":3,"create:shaft":53,"minecraft:rabbit":2,"create:gearshift":3,"create:cogwheel":49,"create:empty_blaze_burner":1,"minecraft:poisonous_potato":1,"minecraft:sand":4,"minecraft:stripped_spruce_log":14,"create:steam_whistle":4,"minecraft:lever":2,"minecraft:granite":66,"minecraft:bread":2,"minecraft:netherrack":48,"create:copper_sheet":29,"minecraft:charcoal":17,"minecraft:crafting_table":1,"artifacts:night_vision_goggles":2,"create:mechanical_piston":4,"create:propeller":1,"minecraft:shield":1,"create:mechanical_harvester":6,"create:fluid_pipe":9,"immersive_aircraft:biplane":2,"graveyard:corruption":2,"minecraft:poppy":2,"minecraft:sugar_cane":13,"minecraft:chest":12,"minecraft:phantom_membrane":5,"minecraft:spruce_trapdoor":11,"create:linear_chassis":30,"minecraft:raw_iron":190,"minecraft:copper_ingot":2,"create:golden_sheet":5,"create:hand_crank":11,"minecraft:redstone":75,"create:vertical_gearbox":5,"create:steam_engine":1,"create:deployer":7,"minecraft:arrow":15,"minecraft:gold_ingot":1,"create:blaze_burner":26,"artifacts:cloud_in_a_bottle":2,"minecraft:gunpowder":5,"minecraft:cobblestone_wall":4,"minecraft:cobblestone_stairs":1,"minecraft:paper":7,"minecraft:kelp":441,"minecraft:warped_stem":4,"minecraft:stone_pickaxe":3,"minecraft:iron_sword":2,"create:mechanical_saw":20,"create:mechanical_bearing":7,"minecraft:pumpkin":39,"minecraft:quartz":43,"minecraft:dandelion":1,"minecraft:gravel":6,"minecraft:spruce_sapling":76,"minecraft:spruce_log":294,"create:gearbox":1,"travelersbackpack:standard":2,"minecraft:pumpkin_seeds":9,"minecraft:slime_ball":27,"create:brass_ingot":7,"minecraft:stone_axe":1,"create:encased_fan":3,"create:mechanical_pump":5,"minecraft:baked_potato":27,"minecraft:coal":134},"minecraft:custom":{"minecraft:interact_with_crafting_table":165,"minecraft:leave_game":16,"minecraft:time_since_death":621880,"minecraft:sprint_one_cm":1337952,"minecraft:damage_blocked_by_shield":2480,"minecraft:drop":137,"minecraft:play_time":775525,"minecraft:deaths":1,"minecraft:jump":7120,"minecraft:walk_on_water_one_cm":47159,"minecraft:enchant_item":1,"minecraft:interact_with_furnace":53,"minecraft:sleep_in_bed":11,"minecraft:damage_dealt":13026,"minecraft:crouch_one_cm":50424,"minecraft:interact_with_smoker":39,"minecraft:mob_kills":66,"minecraft:climb_one_cm":363,"minecraft:walk_one_cm":2185819,"minecraft:sneak_time":15435,"minecraft:walk_under_water_one_cm":32490,"minecraft:interact_with_blast_furnace":80,"minecraft:total_world_time":775525,"minecraft:time_since_rest":25084,"minecraft:damage_taken":3883,"minecraft:swim_one_cm":42337,"minecraft:fly_one_cm":1701121,"minecraft:open_chest":543,"minecraft:fall_one_cm":291473},"minecraft:used":{"create:deployer":8,"minecraft:iron_shovel":683,"create:piston_extension_pole":47,"minecraft:poppy":2,"minecraft:chest":20,"minecraft:shield":64,"minecraft:iron_sword":226,"minecraft:rotten_flesh":2,"create:mechanical_bearing":8,"create:fluid_tank":28,"create:cogwheel":131,"minecraft:stripped_spruce_log":14,"minecraft:iron_helmet":1,"create:andesite_funnel":8,"create:mechanical_piston":4,"create:shaft":84,"create:steam_engine":2,"immersive_aircraft:biplane":2,"minecraft:potato":147,"minecraft:golden_boots":1,"minecraft:stone_pickaxe":1181,"minecraft:wooden_pickaxe":58,"minecraft:sugar_cane":4,"create:mechanical_saw":27,"minecraft:blast_furnace":2,"minecraft:lever":4,"minecraft:bread":3,"create:andesite_casing":1,"minecraft:andesite":16,"create:vertical_gearbox":7,"create:steam_whistle":5,"minecraft:bone_meal":43,"create:large_cogwheel":75,"minecraft:spruce_planks":7,"create:sticky_mechanical_piston":5,"minecraft:stone_hoe":91,"minecraft:netherrack":32,"minecraft:torch":163,"create:mechanical_pump":7,"minecraft:dirt":1080,"minecraft:granite":1,"minecraft:iron_hoe":137,"create:wrench":124,"create:gearbox":2,"minecraft:iron_axe":174,"minecraft:iron_boots":1,"create:fluid_pipe":27,"minecraft:cobbled_deepslate":2,"create:belt_connector":22,"create:gearshift":4,"minecraft:wheat_seeds":17,"minecraft:water_bucket":5,"create:empty_blaze_burner":2,"minecraft:baked_potato":124,"minecraft:spruce_sign":3,"create:blaze_burner":29,"create:encased_fan":3,"minecraft:crafting_table":1,"create:mechanical_harvester":10,"minecraft:campfire":9,"minecraft:spruce_log":17,"minecraft:smoker":1,"create:linear_chassis":55,"create:mechanical_press":3,"minecraft:iron_pickaxe":1665,"minecraft:spruce_sapling":192,"create:large_water_wheel":1,"minecraft:stone_axe":164,"minecraft:cobblestone":174,"travelersbackpack:standard":4,"minecraft:bucket":5,"create:hand_crank":11,"minecraft:smooth_stone":6},"minecraft:dropped":{"minecraft:iron_sword":1,"minecraft:baked_potato":15,"travelersbackpack:standard":1,"graveyard:corruption":2,"artifacts:night_vision_goggles":1,"minecraft:sand":2,"create:goggles":2,"create:large_cogwheel":1,"minecraft:gold_ingot":6,"minecraft:poisonous_potato":1,"minecraft:cobblestone":48,"minecraft:copper_ingot":31,"minecraft:torch":8,"minecraft:paper":7,"artifacts:aqua_dashers":1,"create:propeller":1,"minecraft:spruce_planks":1,"minecraft:spruce_log":7,"minecraft:stone_pickaxe":1},"minecraft:killed":{"graveyard:skeleton_creeper":1,"minecraft:spider":1,"minecraft:skeleton":10,"minecraft:zombie_villager":3,"minecraft:creeper":6,"minecraft:zombie":23,"minecraft:phantom":11,"minecraft:drowned":2,"graveyard:ghoul":5,"minecraft:wither_skeleton":1},"minecraft:broken":{"minecraft:iron_shovel":2,"minecraft:stone_pickaxe":9,"minecraft:stone_axe":1,"minecraft:iron_pickaxe":6,"create:sand_paper":1}},"DataVersion":3465}