{"stats":{"minecraft:broken":{"minecraft:stone_pickaxe":4},"minecraft:crafted":{"minecraft:smooth_stone":6,"create:andesite_alloy":5,"minecraft:iron_nugget":18,"minecraft:spruce_planks":60,"minecraft:wooden_pickaxe":1,"minecraft:baked_potato":3,"create:large_water_wheel":1,"minecraft:furnace":1,"minecraft:blast_furnace":1,"minecraft:stone":10,"minecraft:stone_axe":1,"minecraft:air":0,"minecraft:charcoal":5,"create:water_wheel":1,"minecraft:stick":24,"minecraft:iron_ingot":13,"minecraft:stone_pickaxe":6,"create:large_cogwheel":3,"create:shaft":16,"minecraft:torch":20,"create:cogwheel":3,"minecraft:smoker":1},"minecraft:dropped":{"create:large_cogwheel":1},"minecraft:used":{"minecraft:stone_pickaxe":525,"minecraft:baked_potato":3,"minecraft:wooden_pickaxe":58,"minecraft:torch":18,"minecraft:dirt":1,"create:cogwheel":6,"minecraft:blast_furnace":1,"minecraft:smoker":1,"minecraft:stripped_spruce_log":1,"minecraft:bread":2,"create:andesite_casing":1,"minecraft:spruce_sapling":4,"create:large_water_wheel":1,"minecraft:stone_axe":25,"minecraft:cobblestone":11,"minecraft:potato":2,"create:large_cogwheel":4},"minecraft:mined":{"create:andesite_casing":1,"minecraft:granite":6,"minecraft:grass_block":10,"create:large_cogwheel":1,"minecraft:copper_ore":9,"minecraft:cobblestone":2,"minecraft:spruce_leaves":3,"minecraft:diorite":16,"minecraft:wall_torch":1,"minecraft:deepslate_copper_ore":8,"minecraft:furnace":1,"minecraft:iron_ore":9,"minecraft:spruce_log":24,"minecraft:andesite":42,"minecraft:stripped_spruce_log":1,"minecraft:potatoes":1,"minecraft:deepslate_iron_ore":6,"minecraft:dirt_path":13,"minecraft:stone":470,"minecraft:oak_leaves":3,"minecraft:deepslate":11},"minecraft:picked_up":{"minecraft:andesite":42,"minecraft:potato":5,"minecraft:dirt":23,"minecraft:raw_copper":57,"minecraft:wheat_seeds":1,"minecraft:cobbled_deepslate":11,"minecraft:furnace":1,"minecraft:stick":5,"minecraft:raw_iron":15,"minecraft:torch":1,"create:andesite_casing":1,"minecraft:stripped_spruce_log":1,"minecraft:spruce_sapling":4,"minecraft:diorite":16,"minecraft:spruce_log":24,"create:large_cogwheel":2,"minecraft:granite":6,"minecraft:bread":2,"minecraft:coal":3,"minecraft:cobblestone":471},"minecraft:custom":{"minecraft:interact_with_furnace":26,"minecraft:interact_with_crafting_table":22,"minecraft:time_since_death":54273,"minecraft:sleep_in_bed":1,"minecraft:time_since_rest":48994,"minecraft:sprint_one_cm":76046,"minecraft:damage_taken":100,"minecraft:walk_one_cm":115757,"minecraft:drop":1,"minecraft:damage_dealt":115,"minecraft:swim_one_cm":3717,"minecraft:fly_one_cm":100685,"minecraft:open_chest":11,"minecraft:crouch_one_cm":2105,"minecraft:play_time":54273,"minecraft:sneak_time":1178,"minecraft:walk_under_water_one_cm":913,"minecraft:jump":641,"minecraft:interact_with_blast_furnace":9,"minecraft:walk_on_water_one_cm":1732,"minecraft:total_world_time":54273,"minecraft:interact_with_smoker":9,"minecraft:fall_one_cm":5342}},"DataVersion":3465}