{"stats":{"minecraft:killed_by":{"minecraft:creeper":1},"minecraft:crafted":{"minecraft:smooth_stone":7,"minecraft:barrel":29,"create:wrench":1,"create:steam_engine":2,"minecraft:iron_nugget":189,"minecraft:furnace":2,"minecraft:blast_furnace":2,"minecraft:stone":11,"create:mechanical_harvester":4,"minecraft:bone_meal":48,"minecraft:lever":1,"create:mechanical_bearing":1,"create:vertical_gearbox":2,"minecraft:glass":7,"minecraft:iron_boots":1,"create:mechanical_press":1,"minecraft:iron_axe":1,"minecraft:iron_hoe":1,"minecraft:spruce_slab":60,"create:fluid_tank":27,"minecraft:stone_pickaxe":8,"minecraft:chest":10,"minecraft:copper_block":2,"create:cogwheel":39,"minecraft:smoker":1,"create:steam_whistle":1,"create:andesite_alloy":88,"create:hand_crank":1,"minecraft:spruce_sign":3,"create:mechanical_saw":7,"minecraft:spruce_planks":496,"create:mechanical_piston":1,"create:piston_extension_pole":24,"minecraft:baked_potato":122,"create:fluid_pipe":20,"minecraft:wooden_pickaxe":1,"minecraft:iron_helmet":1,"minecraft:iron_sword":1,"create:goggles":1,"create:large_water_wheel":1,"minecraft:copper_ingot":84,"minecraft:bucket":1,"create:gearshift":1,"create:sticky_mechanical_piston":1,"minecraft:campfire":4,"minecraft:stone_axe":2,"minecraft:bread":1,"minecraft:air":0,"create:gearbox":3,"minecraft:iron_chestplate":1,"minecraft:charcoal":5,"create:water_wheel":1,"minecraft:shield":2,"create:super_glue":1,"minecraft:stick":96,"create:linear_chassis":27,"create:mechanical_pump":2,"minecraft:iron_ingot":189,"minecraft:iron_pickaxe":6,"minecraft:iron_block":1,"minecraft:iron_shovel":3,"minecraft:gold_ingot":16,"minecraft:iron_leggings":1,"create:large_cogwheel":22,"create:shaft":104,"minecraft:torch":136,"create:empty_blaze_burner":3},"minecraft:picked_up":{"create:copper_sheet":29,"minecraft:crafting_table":1,"minecraft:wheat":16,"artifacts:night_vision_goggles":2,"create:mechanical_piston":4,"minecraft:shield":1,"create:mechanical_harvester":6,"minecraft:string":5,"create:fluid_pipe":9,"minecraft:raw_copper":219,"immersive_aircraft:biplane":2,"create:piston_extension_pole":31,"graveyard:corruption":2,"create:sticky_mechanical_piston":4,"minecraft:smooth_stone":5,"create:mechanical_press":2,"minecraft:cobbled_deepslate":18,"minecraft:spruce_planks":5,"artifacts:aqua_dashers":1,"minecraft:poppy":2,"minecraft:iron_pickaxe":1,"minecraft:sugar_cane":7,"minecraft:chest":12,"minecraft:phantom_membrane":5,"farmersdelight:cabbage_seeds":1,"minecraft:spruce_trapdoor":11,"create:linear_chassis":30,"minecraft:furnace":1,"minecraft:stick":73,"minecraft:raw_iron":190,"minecraft:composter":1,"create:golden_sheet":5,"minecraft:copper_ingot":2,"minecraft:torch":45,"create:andesite_casing":23,"create:hand_crank":6,"minecraft:diorite":43,"minecraft:redstone":75,"create:steam_engine":1,"create:vertical_gearbox":2,"create:large_cogwheel":34,"minecraft:arrow":15,"minecraft:rotten_flesh":27,"minecraft:gold_ingot":1,"minecraft:cobblestone":1854,"create:fluid_tank":20,"minecraft:andesite":61,"minecraft:potato":124,"minecraft:flint":1,"minecraft:cobblestone_wall":4,"artifacts:cloud_in_a_bottle":2,"minecraft:gunpowder":5,"minecraft:cobblestone_stairs":1,"minecraft:lapis_lazuli":208,"minecraft:dirt":726,"minecraft:bone":15,"minecraft:kelp":11,"minecraft:bow":1,"minecraft:wheat_seeds":58,"minecraft:raw_gold":22,"minecraft:stone_pickaxe":3,"create:goggles":3,"create:shaft":17,"minecraft:rabbit":2,"minecraft:iron_sword":2,"create:mechanical_saw":20,"create:gearshift":1,"create:mechanical_bearing":7,"minecraft:pumpkin":39,"create:cogwheel":49,"minecraft:dandelion":1,"minecraft:poisonous_potato":1,"minecraft:gravel":6,"minecraft:sand":3,"create:steam_whistle":4,"minecraft:stripped_spruce_log":14,"minecraft:spruce_sapling":76,"minecraft:spruce_log":270,"create:gearbox":1,"minecraft:pumpkin_seeds":9,"minecraft:slime_ball":27,"create:brass_ingot":7,"minecraft:stone_axe":1,"minecraft:lever":1,"create:mechanical_pump":5,"minecraft:granite":66,"minecraft:bread":2,"minecraft:baked_potato":27,"minecraft:netherrack":24,"minecraft:coal":134},"minecraft:mined":{"minecraft:attached_pumpkin_stem":1,"minecraft:spruce_planks":5,"minecraft:farmland":11,"create:andesite_casing":23,"minecraft:cobblestone_stairs":1,"create:fluid_tank":20,"minecraft:spruce_trapdoor":11,"minecraft:glow_lichen":2,"minecraft:granite":66,"minecraft:grass_block":403,"create:large_cogwheel":31,"minecraft:spruce_leaves":59,"minecraft:composter":1,"create:powered_shaft":4,"minecraft:kelp":7,"minecraft:large_fern":4,"minecraft:smooth_stone":5,"minecraft:redstone_ore":10,"create:shaft":11,"minecraft:spruce_sapling":9,"minecraft:furnace":1,"minecraft:iron_ore":173,"minecraft:cobbled_deepslate":1,"minecraft:andesite":64,"minecraft:stripped_spruce_log":14,"minecraft:pumpkin":39,"minecraft:potatoes":27,"minecraft:dirt_path":22,"minecraft:deepslate_iron_ore":18,"create:gearshift":1,"minecraft:stone":1789,"create:mechanical_press":2,"minecraft:deepslate_redstone_ore":3,"create:cogwheel":48,"create:piston_extension_pole":1,"create:steam_engine":1,"minecraft:kelp_plant":1,"create:mechanical_piston":4,"create:fluid_pipe":6,"minecraft:crafting_table":1,"minecraft:torch":6,"create:mechanical_pump":5,"minecraft:poppy":2,"minecraft:chest":12,"minecraft:copper_ore":56,"minecraft:tall_grass":1,"minecraft:cobblestone":29,"minecraft:deepslate_gold_ore":2,"minecraft:lapis_ore":26,"minecraft:sugar_cane":1,"minecraft:diorite":45,"minecraft:wall_torch":2,"minecraft:deepslate_copper_ore":8,"create:mechanical_saw":20,"create:sticky_mechanical_piston":2,"create:mechanical_harvester":6,"create:glass_fluid_pipe":3,"minecraft:cobblestone_wall":4,"create:gearbox":3,"minecraft:wheat":17,"minecraft:spruce_log":185,"create:steam_whistle":4,"minecraft:grass":21,"create:mechanical_bearing":7,"minecraft:coal_ore":131,"minecraft:gravel":6,"create:hand_crank":6,"minecraft:sand":1,"minecraft:dirt":317,"minecraft:netherrack":24,"minecraft:gold_ore":20,"create:linear_chassis":30,"minecraft:oak_leaves":3,"minecraft:deepslate":17,"minecraft:fern":1},"minecraft:custom":{"minecraft:mob_kills":65,"minecraft:interact_with_crafting_table":136,"minecraft:leave_game":15,"minecraft:time_since_death":492658,"minecraft:climb_one_cm":363,"minecraft:sprint_one_cm":1037636,"minecraft:damage_blocked_by_shield":2240,"minecraft:walk_one_cm":1871657,"minecraft:drop":120,"minecraft:play_time":646303,"minecraft:sneak_time":14323,"minecraft:deaths":1,"minecraft:walk_under_water_one_cm":30357,"minecraft:jump":5937,"minecraft:interact_with_blast_furnace":75,"minecraft:walk_on_water_one_cm":35979,"minecraft:total_world_time":646303,"minecraft:interact_with_furnace":45,"minecraft:sleep_in_bed":10,"minecraft:time_since_rest":36920,"minecraft:damage_taken":3284,"minecraft:damage_dealt":12916,"minecraft:swim_one_cm":26044,"minecraft:fly_one_cm":1364573,"minecraft:open_chest":428,"minecraft:crouch_one_cm":47340,"minecraft:interact_with_smoker":36,"minecraft:fall_one_cm":230477},"minecraft:used":{"minecraft:iron_shovel":683,"create:piston_extension_pole":46,"minecraft:poppy":2,"minecraft:chest":20,"minecraft:spruce_planks":7,"minecraft:shield":61,"minecraft:iron_sword":223,"create:sticky_mechanical_piston":5,"minecraft:rotten_flesh":2,"minecraft:stone_hoe":91,"minecraft:netherrack":8,"create:mechanical_bearing":8,"minecraft:torch":163,"create:fluid_tank":25,"create:mechanical_pump":7,"minecraft:dirt":922,"create:cogwheel":131,"minecraft:granite":1,"minecraft:stripped_spruce_log":14,"minecraft:iron_hoe":137,"create:wrench":114,"create:gearbox":2,"minecraft:iron_axe":163,"minecraft:iron_helmet":1,"minecraft:iron_boots":1,"create:mechanical_piston":4,"create:shaft":42,"create:steam_engine":2,"create:fluid_pipe":27,"minecraft:potato":147,"immersive_aircraft:biplane":2,"minecraft:cobbled_deepslate":2,"create:gearshift":2,"minecraft:wheat_seeds":17,"minecraft:water_bucket":4,"minecraft:stone_pickaxe":1181,"minecraft:baked_potato":100,"minecraft:sugar_cane":4,"minecraft:wooden_pickaxe":58,"minecraft:spruce_sign":3,"create:mechanical_saw":27,"create:blaze_burner":3,"minecraft:crafting_table":1,"minecraft:campfire":4,"minecraft:blast_furnace":2,"create:mechanical_harvester":10,"minecraft:spruce_log":16,"minecraft:smoker":1,"create:linear_chassis":55,"minecraft:lever":2,"create:mechanical_press":3,"minecraft:iron_pickaxe":1500,"minecraft:bread":3,"minecraft:spruce_sapling":192,"create:andesite_casing":1,"create:large_water_wheel":1,"minecraft:stone_axe":164,"minecraft:cobblestone":173,"minecraft:andesite":16,"minecraft:bucket":5,"create:vertical_gearbox":4,"create:hand_crank":6,"minecraft:bone_meal":43,"create:steam_whistle":5,"minecraft:smooth_stone":6,"create:large_cogwheel":75},"minecraft:dropped":{"minecraft:iron_sword":1,"minecraft:baked_potato":15,"minecraft:poisonous_potato":1,"minecraft:cobblestone":48,"minecraft:copper_ingot":31,"graveyard:corruption":2,"artifacts:night_vision_goggles":1,"minecraft:torch":8,"create:goggles":2,"minecraft:sand":2,"create:large_cogwheel":1,"minecraft:gold_ingot":6,"artifacts:aqua_dashers":1,"minecraft:stone_pickaxe":1},"minecraft:killed":{"graveyard:skeleton_creeper":1,"minecraft:spider":1,"minecraft:phantom":11,"minecraft:skeleton":10,"minecraft:drowned":2,"graveyard:ghoul":5,"minecraft:zombie_villager":3,"minecraft:creeper":6,"minecraft:zombie":23},"minecraft:broken":{"minecraft:iron_shovel":2,"minecraft:stone_pickaxe":9,"minecraft:stone_axe":1,"minecraft:iron_pickaxe":6}},"DataVersion":3465}