{"stats":{"minecraft:killed":{"graveyard:skeleton_creeper":1,"minecraft:spider":1,"minecraft:skeleton":10,"minecraft:zombie_villager":3,"minecraft:creeper":6,"minecraft:zombie":23,"minecraft:phantom":11,"minecraft:drowned":2,"graveyard:ghoul":5,"minecraft:wither_skeleton":1},"minecraft:mined":{"minecraft:spruce_planks":6,"minecraft:farmland":11,"create:andesite_casing":27,"minecraft:cobblestone_stairs":1,"minecraft:spruce_trapdoor":11,"minecraft:granite":96,"minecraft:grass_block":405,"create:powered_shaft":5,"minecraft:composter":1,"create:belt":17,"minecraft:smooth_stone":5,"minecraft:tall_seagrass":1,"minecraft:iron_ore":179,"minecraft:cobbled_deepslate":2,"minecraft:pumpkin":39,"minecraft:dirt_path":23,"create:gearshift":3,"create:mechanical_press":2,"create:lit_blaze_burner":1,"minecraft:deepslate_redstone_ore":8,"create:cogwheel":72,"create:steam_engine":1,"minecraft:kelp_plant":46,"create:mechanical_piston":4,"minecraft:torch":13,"minecraft:poppy":2,"minecraft:chest":12,"minecraft:nether_quartz_ore":43,"minecraft:cobblestone":29,"minecraft:sugar_cane":5,"minecraft:wall_torch":5,"minecraft:deepslate_copper_ore":8,"minecraft:seagrass":5,"create:andesite_belt_funnel":3,"create:sticky_mechanical_piston":2,"create:glass_fluid_pipe":3,"minecraft:wheat":17,"create:steam_whistle":4,"minecraft:grass":22,"create:hand_crank":24,"minecraft:sand":2,"minecraft:dirt":332,"create:encased_chain_drive":2,"minecraft:netherrack":77,"create:linear_chassis":34,"minecraft:oak_leaves":3,"minecraft:deepslate":415,"minecraft:attached_pumpkin_stem":1,"minecraft:nether_gold_ore":3,"minecraft:tuff":2,"create:fluid_tank":23,"minecraft:glow_lichen":2,"create:large_cogwheel":36,"create:encased_fan":3,"minecraft:spruce_leaves":59,"minecraft:kelp":7,"minecraft:large_fern":4,"minecraft:redstone_ore":10,"create:shaft":66,"minecraft:spruce_sapling":13,"minecraft:furnace":1,"minecraft:andesite":117,"minecraft:stripped_spruce_log":14,"minecraft:potatoes":27,"minecraft:deepslate_iron_ore":21,"minecraft:warped_stem":4,"create:deployer":7,"minecraft:stone":1997,"create:piston_extension_pole":2,"minecraft:crafting_table":1,"create:fluid_pipe":6,"create:mechanical_pump":5,"minecraft:campfire":5,"minecraft:tall_grass":1,"minecraft:copper_ore":59,"minecraft:lapis_ore":33,"minecraft:deepslate_gold_ore":11,"minecraft:diorite":61,"minecraft:warped_wart_block":2,"create:mechanical_saw":22,"create:blaze_burner":29,"create:mechanical_harvester":6,"minecraft:cobblestone_wall":4,"create:gearbox":10,"minecraft:spruce_log":192,"minecraft:coal_ore":157,"create:mechanical_bearing":7,"minecraft:gravel":18,"create:andesite_funnel":6,"minecraft:gold_ore":20,"minecraft:fern":1},"minecraft:broken":{"minecraft:iron_shovel":2,"minecraft:stone_pickaxe":9,"minecraft:stone_axe":1,"minecraft:iron_pickaxe":10,"create:sand_paper":1},"minecraft:killed_by":{"minecraft:creeper":1},"minecraft:crafted":{"minecraft:smooth_stone":7,"minecraft:barrel":29,"create:mechanical_harvester":4,"minecraft:stone":11,"minecraft:lever":3,"create:mechanical_bearing":1,"create:deployer":1,"create:vertical_gearbox":3,"minecraft:glass":7,"create:andesite_funnel":4,"minecraft:iron_boots":1,"create:mechanical_press":1,"minecraft:chest":10,"minecraft:copper_block":2,"create:cogwheel":58,"create:brass_hand":1,"minecraft:golden_boots":1,"minecraft:smoker":1,"minecraft:white_banner":1,"create:rose_quartz":8,"minecraft:map":1,"minecraft:spruce_planks":516,"create:mechanical_saw":8,"create:piston_extension_pole":24,"minecraft:baked_potato":183,"create:fluid_pipe":20,"minecraft:wooden_pickaxe":1,"minecraft:iron_helmet":1,"minecraft:copper_ingot":84,"create:sand_paper":1,"create:gearshift":2,"minecraft:campfire":9,"create:encased_chain_drive":2,"minecraft:cartography_table":1,"create:gearbox":5,"create:encased_fan":1,"minecraft:iron_chestplate":1,"minecraft:paper":33,"minecraft:charcoal":5,"create:water_wheel":1,"minecraft:shield":2,"create:super_glue":1,"minecraft:stick":200,"create:mechanical_pump":2,"minecraft:iron_ingot":198,"minecraft:compass":1,"minecraft:iron_pickaxe":13,"minecraft:iron_block":1,"minecraft:gold_ingot":25,"create:large_cogwheel":26,"create:propeller":1,"create:empty_blaze_burner":6,"create:wrench":1,"create:steam_engine":2,"minecraft:iron_nugget":245,"minecraft:furnace":2,"minecraft:blast_furnace":2,"minecraft:bone_meal":48,"minecraft:flint_and_steel":1,"minecraft:iron_axe":1,"minecraft:iron_hoe":1,"minecraft:spruce_slab":60,"minecraft:stone_pickaxe":8,"create:fluid_tank":27,"create:electron_tube":7,"create:belt_connector":5,"create:steam_whistle":1,"create:andesite_alloy":118,"create:hand_crank":1,"minecraft:spruce_sign":3,"create:mechanical_piston":1,"minecraft:dried_kelp":50,"minecraft:iron_sword":2,"create:goggles":1,"create:large_water_wheel":1,"minecraft:bucket":1,"create:sticky_mechanical_piston":1,"minecraft:stone_axe":2,"minecraft:bread":1,"minecraft:air":0,"minecraft:blue_dye":1,"create:linear_chassis":27,"minecraft:iron_shovel":3,"minecraft:iron_leggings":1,"create:shaft":136,"minecraft:torch":164},"minecraft:custom":{"minecraft:interact_with_crafting_table":181,"minecraft:bell_ring":1,"minecraft:leave_game":17,"minecraft:time_since_death":757447,"minecraft:sprint_one_cm":1612039,"minecraft:damage_blocked_by_shield":2480,"minecraft:drop":150,"minecraft:play_time":911092,"minecraft:deaths":1,"minecraft:jump":8679,"minecraft:walk_on_water_one_cm":49898,"minecraft:enchant_item":1,"minecraft:interact_with_furnace":58,"minecraft:interact_with_cartography_table":3,"minecraft:sleep_in_bed":14,"minecraft:damage_dealt":13026,"minecraft:crouch_one_cm":55432,"minecraft:interact_with_smoker":48,"minecraft:mob_kills":66,"minecraft:climb_one_cm":363,"minecraft:walk_one_cm":2592976,"minecraft:sneak_time":18574,"minecraft:walk_under_water_one_cm":39550,"minecraft:interact_with_blast_furnace":88,"minecraft:total_world_time":911092,"minecraft:interact_with_stonecutter":1,"minecraft:time_since_rest":36855,"minecraft:damage_taken":3903,"minecraft:swim_one_cm":44021,"minecraft:fly_one_cm":2128171,"minecraft:open_chest":649,"minecraft:fall_one_cm":374199},"minecraft:picked_up":{"minecraft:wheat":16,"minecraft:string":5,"minecraft:raw_copper":230,"create:piston_extension_pole":32,"create:andesite_funnel":9,"create:sticky_mechanical_piston":4,"minecraft:cobbled_deepslate":417,"create:mechanical_press":2,"minecraft:gold_nugget":8,"minecraft:smooth_stone":5,"minecraft:spruce_planks":6,"artifacts:aqua_dashers":1,"minecraft:iron_pickaxe":1,"farmersdelight:cabbage_seeds":1,"minecraft:furnace":1,"minecraft:stick":73,"minecraft:composter":1,"minecraft:torch":55,"create:andesite_casing":27,"minecraft:diorite":59,"create:large_cogwheel":39,"minecraft:rotten_flesh":27,"minecraft:cobblestone":2061,"create:fluid_tank":23,"minecraft:andesite":114,"minecraft:potato":140,"create:belt_connector":16,"minecraft:flint":3,"minecraft:tuff":2,"minecraft:lapis_lazuli":261,"minecraft:dirt":741,"create:encased_chain_drive":2,"minecraft:bone":15,"minecraft:bow":1,"minecraft:wheat_seeds":59,"minecraft:raw_gold":31,"create:goggles":3,"create:shaft":87,"minecraft:rabbit":2,"create:gearshift":3,"create:cogwheel":71,"create:empty_blaze_burner":1,"minecraft:poisonous_potato":1,"minecraft:sand":4,"minecraft:stripped_spruce_log":14,"create:steam_whistle":4,"minecraft:lever":2,"minecraft:granite":96,"minecraft:bread":2,"minecraft:netherrack":75,"create:copper_sheet":29,"minecraft:charcoal":17,"minecraft:crafting_table":1,"artifacts:night_vision_goggles":2,"create:mechanical_piston":4,"create:propeller":1,"minecraft:shield":1,"create:mechanical_harvester":6,"create:fluid_pipe":9,"immersive_aircraft:biplane":2,"graveyard:corruption":2,"minecraft:poppy":2,"minecraft:sugar_cane":13,"minecraft:chest":12,"minecraft:phantom_membrane":5,"minecraft:spruce_trapdoor":11,"create:linear_chassis":34,"minecraft:raw_iron":199,"minecraft:copper_ingot":2,"create:golden_sheet":5,"create:hand_crank":25,"minecraft:redstone":97,"create:vertical_gearbox":7,"create:steam_engine":1,"create:deployer":7,"minecraft:arrow":15,"minecraft:gold_ingot":1,"create:blaze_burner":29,"minecraft:gunpowder":5,"minecraft:cobblestone_wall":4,"artifacts:cloud_in_a_bottle":2,"minecraft:cobblestone_stairs":1,"minecraft:paper":7,"minecraft:kelp":441,"minecraft:warped_stem":4,"minecraft:stone_pickaxe":3,"minecraft:iron_sword":2,"create:mechanical_saw":22,"create:mechanical_bearing":7,"minecraft:pumpkin":39,"minecraft:quartz":43,"minecraft:dandelion":1,"minecraft:gravel":16,"minecraft:spruce_sapling":90,"minecraft:spruce_log":304,"create:gearbox":3,"travelersbackpack:standard":2,"minecraft:pumpkin_seeds":9,"minecraft:slime_ball":27,"create:brass_ingot":7,"minecraft:stone_axe":1,"create:encased_fan":3,"create:mechanical_pump":5,"minecraft:baked_potato":27,"minecraft:coal":160},"minecraft:dropped":{"create:belt_connector":1,"minecraft:iron_sword":1,"minecraft:baked_potato":15,"travelersbackpack:standard":1,"graveyard:corruption":2,"artifacts:night_vision_goggles":1,"create:goggles":2,"minecraft:sand":2,"create:large_cogwheel":1,"minecraft:gold_ingot":6,"minecraft:netherrack":3,"minecraft:poisonous_potato":1,"minecraft:cobblestone":48,"minecraft:copper_ingot":31,"minecraft:coal":1,"minecraft:torch":8,"minecraft:paper":7,"artifacts:aqua_dashers":1,"create:propeller":1,"minecraft:spruce_planks":3,"minecraft:spruce_log":13,"minecraft:stone_pickaxe":1},"minecraft:used":{"create:deployer":8,"minecraft:iron_shovel":683,"create:piston_extension_pole":47,"minecraft:poppy":2,"minecraft:chest":20,"minecraft:shield":64,"minecraft:iron_sword":226,"minecraft:rotten_flesh":2,"create:mechanical_bearing":8,"create:fluid_tank":28,"create:cogwheel":185,"minecraft:stripped_spruce_log":14,"minecraft:iron_helmet":1,"create:andesite_funnel":11,"create:mechanical_piston":4,"create:shaft":132,"create:steam_engine":3,"immersive_aircraft:biplane":2,"minecraft:potato":147,"minecraft:golden_boots":1,"minecraft:stone_pickaxe":1181,"minecraft:wooden_pickaxe":58,"minecraft:sugar_cane":4,"create:mechanical_saw":30,"alexscaves:cave_book":1,"minecraft:blast_furnace":2,"minecraft:lever":5,"minecraft:bread":3,"create:andesite_casing":1,"minecraft:andesite":16,"create:vertical_gearbox":9,"create:steam_whistle":5,"minecraft:bone_meal":43,"create:large_cogwheel":88,"minecraft:spruce_planks":7,"create:sticky_mechanical_piston":5,"minecraft:stone_hoe":91,"minecraft:netherrack":57,"minecraft:torch":192,"create:mechanical_pump":7,"minecraft:dirt":1134,"minecraft:granite":1,"minecraft:iron_hoe":137,"create:wrench":160,"minecraft:filled_map":1,"create:gearbox":5,"minecraft:iron_axe":186,"minecraft:iron_boots":1,"create:encased_chain_drive":4,"create:fluid_pipe":27,"minecraft:cobbled_deepslate":5,"create:belt_connector":49,"create:gearshift":5,"minecraft:wheat_seeds":17,"minecraft:water_bucket":5,"minecraft:baked_potato":141,"create:empty_blaze_burner":2,"minecraft:cartography_table":1,"minecraft:spruce_sign":3,"create:blaze_burner":30,"create:encased_fan":4,"minecraft:crafting_table":1,"create:mechanical_harvester":10,"minecraft:campfire":9,"minecraft:spruce_log":24,"minecraft:smoker":1,"create:linear_chassis":61,"create:mechanical_press":3,"minecraft:iron_pickaxe":2565,"minecraft:map":1,"minecraft:spruce_sapling":297,"create:large_water_wheel":1,"minecraft:stone_axe":164,"minecraft:cobblestone":177,"travelersbackpack:standard":5,"minecraft:white_banner":1,"minecraft:bucket":6,"create:hand_crank":25,"minecraft:smooth_stone":6}},"DataVersion":3465}