{"stats":{"minecraft:killed_by":{"minecraft:creeper":1},"minecraft:crafted":{"minecraft:smooth_stone":7,"minecraft:barrel":18,"create:wrench":1,"create:steam_engine":2,"minecraft:iron_nugget":189,"minecraft:furnace":2,"minecraft:blast_furnace":2,"minecraft:stone":11,"create:mechanical_harvester":4,"minecraft:bone_meal":48,"minecraft:lever":1,"create:mechanical_bearing":1,"create:vertical_gearbox":2,"minecraft:glass":7,"minecraft:iron_boots":1,"create:mechanical_press":1,"minecraft:iron_axe":1,"minecraft:iron_hoe":1,"minecraft:spruce_slab":48,"create:fluid_tank":16,"minecraft:stone_pickaxe":8,"minecraft:chest":10,"minecraft:copper_block":2,"create:cogwheel":39,"minecraft:smoker":1,"create:steam_whistle":1,"create:andesite_alloy":88,"create:hand_crank":1,"minecraft:spruce_sign":3,"create:mechanical_saw":7,"minecraft:spruce_planks":304,"create:mechanical_piston":1,"create:piston_extension_pole":24,"minecraft:baked_potato":122,"create:fluid_pipe":20,"minecraft:wooden_pickaxe":1,"minecraft:iron_helmet":1,"minecraft:iron_sword":1,"create:goggles":1,"create:large_water_wheel":1,"minecraft:copper_ingot":55,"minecraft:bucket":1,"create:gearshift":1,"create:sticky_mechanical_piston":1,"minecraft:campfire":4,"minecraft:stone_axe":2,"minecraft:bread":1,"minecraft:air":0,"create:gearbox":3,"minecraft:iron_chestplate":1,"minecraft:charcoal":5,"create:water_wheel":1,"minecraft:shield":2,"create:super_glue":1,"minecraft:stick":96,"create:linear_chassis":27,"create:mechanical_pump":2,"minecraft:iron_ingot":138,"minecraft:iron_pickaxe":6,"minecraft:iron_block":1,"minecraft:iron_shovel":3,"minecraft:gold_ingot":16,"minecraft:iron_leggings":1,"create:large_cogwheel":22,"create:shaft":104,"minecraft:torch":136},"minecraft:picked_up":{"create:copper_sheet":29,"minecraft:crafting_table":1,"minecraft:wheat":16,"artifacts:night_vision_goggles":2,"create:mechanical_piston":4,"minecraft:shield":1,"create:mechanical_harvester":6,"minecraft:string":5,"create:fluid_pipe":5,"minecraft:raw_copper":219,"immersive_aircraft:biplane":2,"create:piston_extension_pole":31,"graveyard:corruption":2,"create:sticky_mechanical_piston":4,"minecraft:smooth_stone":5,"create:mechanical_press":2,"minecraft:cobbled_deepslate":18,"minecraft:spruce_planks":5,"artifacts:aqua_dashers":1,"minecraft:poppy":2,"minecraft:iron_pickaxe":1,"minecraft:sugar_cane":6,"minecraft:chest":12,"minecraft:phantom_membrane":2,"minecraft:spruce_trapdoor":11,"create:linear_chassis":30,"minecraft:furnace":1,"minecraft:stick":73,"minecraft:raw_iron":139,"minecraft:composter":1,"create:golden_sheet":5,"minecraft:copper_ingot":2,"minecraft:torch":44,"create:andesite_casing":23,"create:hand_crank":6,"minecraft:diorite":27,"minecraft:redstone":52,"create:vertical_gearbox":1,"create:large_cogwheel":29,"minecraft:arrow":15,"minecraft:rotten_flesh":27,"minecraft:gold_ingot":1,"minecraft:cobblestone":1657,"create:fluid_tank":16,"minecraft:andesite":56,"minecraft:potato":96,"minecraft:flint":1,"minecraft:cobblestone_wall":4,"artifacts:cloud_in_a_bottle":2,"minecraft:gunpowder":3,"minecraft:cobblestone_stairs":1,"minecraft:lapis_lazuli":199,"minecraft:dirt":689,"minecraft:bone":15,"minecraft:kelp":11,"minecraft:bow":1,"minecraft:wheat_seeds":55,"minecraft:raw_gold":16,"minecraft:stone_pickaxe":3,"create:goggles":3,"create:shaft":15,"minecraft:iron_sword":2,"create:mechanical_saw":20,"create:gearshift":1,"create:mechanical_bearing":7,"minecraft:pumpkin":39,"create:cogwheel":43,"minecraft:dandelion":1,"minecraft:poisonous_potato":1,"minecraft:gravel":6,"minecraft:sand":3,"create:steam_whistle":3,"minecraft:stripped_spruce_log":14,"minecraft:spruce_sapling":61,"minecraft:spruce_log":270,"create:gearbox":1,"minecraft:pumpkin_seeds":9,"minecraft:slime_ball":27,"minecraft:stone_axe":1,"minecraft:lever":1,"create:mechanical_pump":4,"minecraft:granite":60,"minecraft:bread":2,"minecraft:baked_potato":27,"minecraft:coal":87},"minecraft:mined":{"minecraft:attached_pumpkin_stem":1,"minecraft:spruce_planks":5,"minecraft:farmland":11,"create:andesite_casing":23,"minecraft:cobblestone_stairs":1,"create:fluid_tank":16,"minecraft:spruce_trapdoor":11,"minecraft:glow_lichen":2,"minecraft:granite":60,"minecraft:grass_block":394,"create:large_cogwheel":27,"minecraft:spruce_leaves":59,"minecraft:composter":1,"create:powered_shaft":4,"minecraft:kelp":7,"minecraft:large_fern":4,"minecraft:smooth_stone":5,"minecraft:redstone_ore":5,"create:shaft":9,"minecraft:spruce_sapling":8,"minecraft:furnace":1,"minecraft:iron_ore":121,"minecraft:cobbled_deepslate":1,"minecraft:andesite":58,"minecraft:stripped_spruce_log":14,"minecraft:pumpkin":39,"minecraft:potatoes":27,"minecraft:dirt_path":14,"minecraft:deepslate_iron_ore":18,"create:gearshift":1,"minecraft:stone":1604,"create:mechanical_press":2,"minecraft:deepslate_redstone_ore":3,"create:cogwheel":42,"create:piston_extension_pole":1,"minecraft:kelp_plant":1,"create:mechanical_piston":4,"create:fluid_pipe":3,"minecraft:crafting_table":1,"minecraft:torch":6,"create:mechanical_pump":4,"minecraft:poppy":2,"minecraft:chest":12,"minecraft:copper_ore":56,"minecraft:tall_grass":1,"minecraft:cobblestone":15,"minecraft:deepslate_gold_ore":2,"minecraft:lapis_ore":24,"minecraft:sugar_cane":1,"minecraft:diorite":29,"minecraft:wall_torch":2,"minecraft:deepslate_copper_ore":8,"create:mechanical_saw":20,"create:sticky_mechanical_piston":2,"create:mechanical_harvester":6,"create:glass_fluid_pipe":2,"minecraft:cobblestone_wall":4,"create:gearbox":2,"minecraft:wheat":17,"minecraft:spruce_log":185,"create:steam_whistle":3,"minecraft:grass":21,"create:mechanical_bearing":7,"minecraft:coal_ore":84,"minecraft:gravel":6,"create:hand_crank":6,"minecraft:sand":1,"minecraft:dirt":301,"minecraft:gold_ore":14,"create:linear_chassis":30,"minecraft:oak_leaves":3,"minecraft:deepslate":17,"minecraft:fern":1},"minecraft:custom":{"minecraft:mob_kills":53,"minecraft:interact_with_crafting_table":129,"minecraft:leave_game":13,"minecraft:time_since_death":401313,"minecraft:climb_one_cm":363,"minecraft:sprint_one_cm":817894,"minecraft:damage_blocked_by_shield":2240,"minecraft:walk_one_cm":1490260,"minecraft:drop":105,"minecraft:play_time":554958,"minecraft:sneak_time":12831,"minecraft:deaths":1,"minecraft:walk_under_water_one_cm":25841,"minecraft:jump":4645,"minecraft:interact_with_blast_furnace":58,"minecraft:walk_on_water_one_cm":33588,"minecraft:total_world_time":554958,"minecraft:interact_with_furnace":45,"minecraft:sleep_in_bed":9,"minecraft:time_since_rest":81141,"minecraft:damage_taken":2271,"minecraft:damage_dealt":10042,"minecraft:swim_one_cm":21088,"minecraft:fly_one_cm":1030134,"minecraft:open_chest":359,"minecraft:crouch_one_cm":44829,"minecraft:interact_with_smoker":35,"minecraft:fall_one_cm":152469},"minecraft:used":{"minecraft:iron_shovel":646,"create:piston_extension_pole":46,"minecraft:poppy":2,"minecraft:chest":20,"minecraft:spruce_planks":7,"minecraft:shield":61,"minecraft:iron_sword":167,"create:sticky_mechanical_piston":5,"minecraft:stone_hoe":8,"minecraft:rotten_flesh":2,"create:mechanical_bearing":8,"minecraft:torch":146,"create:fluid_tank":17,"create:mechanical_pump":6,"minecraft:dirt":919,"create:cogwheel":112,"minecraft:granite":1,"minecraft:stripped_spruce_log":14,"minecraft:iron_hoe":137,"create:wrench":93,"create:gearbox":2,"minecraft:iron_axe":163,"minecraft:iron_boots":1,"create:mechanical_piston":4,"create:shaft":41,"create:steam_engine":2,"create:fluid_pipe":21,"minecraft:potato":78,"immersive_aircraft:biplane":2,"minecraft:cobbled_deepslate":2,"create:gearshift":2,"minecraft:wheat_seeds":17,"minecraft:water_bucket":4,"minecraft:stone_pickaxe":1181,"minecraft:baked_potato":71,"minecraft:sugar_cane":3,"minecraft:wooden_pickaxe":58,"minecraft:spruce_sign":3,"create:mechanical_saw":27,"minecraft:crafting_table":1,"minecraft:campfire":4,"minecraft:blast_furnace":2,"create:mechanical_harvester":10,"minecraft:spruce_log":16,"minecraft:smoker":1,"create:linear_chassis":55,"minecraft:lever":2,"create:mechanical_press":3,"minecraft:iron_pickaxe":1113,"minecraft:bread":3,"minecraft:spruce_sapling":121,"create:andesite_casing":1,"create:large_water_wheel":1,"minecraft:stone_axe":164,"minecraft:cobblestone":154,"minecraft:andesite":11,"minecraft:bucket":5,"create:hand_crank":6,"create:vertical_gearbox":2,"create:steam_whistle":4,"minecraft:bone_meal":43,"minecraft:smooth_stone":6,"create:large_cogwheel":70},"minecraft:dropped":{"minecraft:iron_sword":1,"minecraft:poisonous_potato":1,"minecraft:cobblestone":48,"minecraft:copper_ingot":31,"graveyard:corruption":2,"artifacts:night_vision_goggles":1,"minecraft:torch":8,"create:goggles":2,"minecraft:sand":2,"create:large_cogwheel":1,"minecraft:gold_ingot":6,"artifacts:aqua_dashers":1,"minecraft:stone_pickaxe":1},"minecraft:killed":{"graveyard:skeleton_creeper":1,"minecraft:spider":1,"minecraft:phantom":3,"minecraft:skeleton":10,"minecraft:drowned":2,"graveyard:ghoul":5,"minecraft:zombie_villager":3,"minecraft:creeper":4,"minecraft:zombie":22},"minecraft:broken":{"minecraft:iron_shovel":2,"minecraft:stone_pickaxe":9,"minecraft:stone_axe":1,"minecraft:iron_pickaxe":4}},"DataVersion":3465}