{"stats":{"minecraft:killed_by":{"minecraft:creeper":1,"minecraft:drowned":1,"graveyard:skeleton_creeper":1,"minecraft:zombie":1,"minecraft:enderman":1,"minecraft:skeleton":1},"minecraft:crafted":{"minecraft:oak_planks":20,"minecraft:cooked_chicken":2,"minecraft:stone":4,"minecraft:cobblestone_stairs":30,"minecraft:cooked_mutton":4,"minecraft:glass":206,"minecraft:iron_boots":1,"immersive_aircraft:hull":2,"minecraft:chest":12,"minecraft:dried_kelp_block":12,"minecraft:stone_hoe":1,"minecraft:map":3,"minecraft:crafting_table":5,"minecraft:spruce_planks":732,"minecraft:wooden_pickaxe":1,"travelersbackpack:standard":2,"minecraft:baked_potato":172,"minecraft:iron_helmet":1,"minecraft:spruce_door":6,"minecraft:copper_ingot":12,"immersive_aircraft:propeller":2,"minecraft:spruce_trapdoor":12,"minecraft:iron_chestplate":1,"minecraft:paper":48,"minecraft:shield":3,"minecraft:stick":220,"minecraft:iron_ingot":85,"minecraft:compass":3,"minecraft:iron_pickaxe":6,"minecraft:stone_sword":1,"minecraft:gold_ingot":35,"minecraft:stone_shovel":5,"minecraft:furnace":2,"minecraft:spruce_fence":21,"minecraft:white_carpet":3,"minecraft:spruce_stairs":32,"travelersbackpack:white_sleeping_bag":2,"minecraft:iron_axe":2,"minecraft:stone_pickaxe":21,"minecraft:cooked_beef":18,"travelersbackpack:backpack_tank":4,"minecraft:iron_sword":3,"minecraft:stone_axe":1,"minecraft:air":0,"minecraft:iron_shovel":5,"minecraft:iron_leggings":1,"minecraft:stonecutter":1,"minecraft:torch":480},"minecraft:mined":{"minecraft:spruce_planks":1,"minecraft:cobbled_deepslate_stairs":4,"minecraft:cobblestone_stairs":4,"minecraft:spruce_trapdoor":5,"minecraft:granite":444,"minecraft:grass_block":72,"minecraft:deepslate_bricks":1,"minecraft:oxeye_daisy":1,"minecraft:tall_seagrass":1,"minecraft:iron_ore":62,"minecraft:cobbled_deepslate":6,"minecraft:pumpkin":1,"minecraft:deepslate_lapis_ore":11,"create:asurine":17,"minecraft:pointed_dripstone":1,"minecraft:dirt_path":12,"minecraft:deepslate_brick_stairs":1,"minecraft:tripwire":1,"minecraft:deepslate_redstone_ore":44,"minecraft:kelp_plant":17,"minecraft:powder_snow":13,"minecraft:clay":7,"minecraft:torch":16,"minecraft:chest":2,"minecraft:glass":3,"minecraft:cobblestone":27,"minecraft:grindstone":1,"minecraft:sugar_cane":187,"minecraft:oak_planks":2,"minecraft:wall_torch":3,"minecraft:deepslate_copper_ore":1,"minecraft:seagrass":8,"farmersdelight:sandy_shrub":2,"graveyard:tg_tuff":5,"minecraft:grass":15,"minecraft:oak_log":11,"minecraft:sand":223,"minecraft:dirt":1079,"minecraft:oak_leaves":27,"minecraft:deepslate":371,"create:zinc_ore":33,"minecraft:tuff":14,"minecraft:dead_bubble_coral":1,"minecraft:deepslate_diamond_ore":2,"minecraft:glow_lichen":1,"minecraft:spruce_fence":1,"graveyard:tg_stone":2,"farmersdelight:wild_cabbages":9,"minecraft:spruce_leaves":154,"minecraft:kelp":39,"minecraft:large_fern":10,"minecraft:redstone_ore":6,"graveyard:tg_andesite":3,"minecraft:andesite":299,"minecraft:stripped_spruce_log":3,"graveyard:sarcophagus":4,"minecraft:potatoes":4,"minecraft:deepslate_iron_ore":37,"minecraft:stone":2302,"minecraft:oak_slab":1,"minecraft:spruce_door":2,"minecraft:polished_granite":1,"graveyard:small_light_gray_urn":1,"minecraft:crafting_table":1,"minecraft:cornflower":1,"minecraft:tall_grass":1,"minecraft:copper_ore":58,"minecraft:lapis_ore":10,"minecraft:deepslate_gold_ore":38,"minecraft:diorite":66,"minecraft:blue_bed":2,"graveyard:vase_block":2,"minecraft:sweet_berry_bush":8,"minecraft:spruce_log":118,"minecraft:birch_leaves":1,"minecraft:coal_ore":521,"minecraft:gravel":151,"minecraft:dripstone_block":1,"minecraft:cobweb":1,"minecraft:gold_ore":3,"minecraft:fern":10},"minecraft:picked_up":{"minecraft:iron_chestplate":2,"minecraft:oak_stairs":2,"minecraft:string":23,"minecraft:raw_copper":335,"minecraft:iron_leggings":3,"graveyard:sarcophagus":4,"minecraft:cobbled_deepslate":455,"farmersdelight:cabbage":2,"minecraft:spruce_planks":203,"minecraft:iron_pickaxe":6,"farmersdelight:cabbage_seeds":18,"minecraft:iron_boots":2,"minecraft:stick":44,"minecraft:torch":536,"minecraft:porkchop":9,"minecraft:dried_kelp":117,"minecraft:diorite":67,"minecraft:pointed_dripstone":2,"minecraft:stone_sword":4,"minecraft:rotten_flesh":85,"artifacts:villager_hat":1,"create:asurine":17,"minecraft:deepslate_brick_stairs":1,"minecraft:cod":3,"minecraft:snowball":30,"minecraft:cobblestone":3002,"minecraft:feather":11,"minecraft:cooked_beef":8,"minecraft:andesite":293,"minecraft:brown_wool":1,"minecraft:potato":18,"minecraft:flint":16,"minecraft:tuff":21,"create:raw_zinc":35,"minecraft:dirt":1246,"minecraft:lapis_lazuli":127,"minecraft:map":4,"minecraft:polished_granite":1,"minecraft:glass":76,"minecraft:bone":49,"minecraft:bow":3,"minecraft:wheat_seeds":8,"minecraft:raw_gold":41,"minecraft:grindstone":1,"create:goggles":2,"minecraft:moss_block":2,"minecraft:stone_hoe":2,"minecraft:oak_planks":3,"minecraft:sand":253,"minecraft:stripped_spruce_log":3,"minecraft:lily_of_the_valley":2,"minecraft:mossy_cobblestone":1,"minecraft:white_candle":1,"minecraft:diamond":2,"minecraft:granite":631,"minecraft:oak_sapling":4,"minecraft:crafting_table":1,"artifacts:night_vision_goggles":1,"minecraft:chicken":6,"minecraft:clay_ball":48,"minecraft:leather_leggings":1,"minecraft:shield":5,"minecraft:cornflower":2,"minecraft:iron_axe":2,"immersive_aircraft:biplane":12,"minecraft:iron_shovel":3,"graveyard:corruption":3,"minecraft:beef":29,"minecraft:sugar_cane":419,"minecraft:chest":2,"minecraft:spruce_trapdoor":5,"minecraft:egg":4,"minecraft:raw_iron":97,"minecraft:copper_ingot":2,"minecraft:spruce_fence":1,"minecraft:redstone":245,"minecraft:arrow":27,"minecraft:stone_shovel":1,"minecraft:deepslate_bricks":1,"minecraft:hay_block":5,"minecraft:white_wool":19,"minecraft:mutton":34,"minecraft:bone_block":1,"minecraft:oxeye_daisy":1,"minecraft:leather":17,"minecraft:filled_map":2,"graveyard:small_light_gray_urn":1,"minecraft:oak_log":24,"minecraft:cobblestone_stairs":4,"minecraft:cobbled_deepslate_stairs":4,"minecraft:gunpowder":2,"minecraft:blue_bed":2,"minecraft:paper":6,"minecraft:cooked_mutton":2,"minecraft:kelp":157,"minecraft:stone_pickaxe":2,"minecraft:iron_ingot":32,"minecraft:cooked_chicken":2,"minecraft:cobweb":17,"minecraft:iron_sword":4,"minecraft:oak_slab":1,"minecraft:pumpkin":1,"minecraft:sweet_berries":70,"minecraft:dandelion":6,"minecraft:dripstone_block":1,"minecraft:gravel":134,"minecraft:spruce_sapling":30,"minecraft:spruce_log":155,"minecraft:spruce_door":6,"minecraft:spider_eye":1,"minecraft:pumpkin_seeds":2,"minecraft:stone_axe":2,"minecraft:iron_helmet":2,"minecraft:gray_wool":2,"minecraft:baked_potato":85,"minecraft:coal":574},"minecraft:custom":{"minecraft:interact_with_crafting_table":176,"minecraft:open_barrel":5,"minecraft:leave_game":7,"minecraft:time_since_death":8387,"minecraft:sprint_one_cm":539144,"minecraft:damage_blocked_by_shield":4920,"minecraft:drop":66,"minecraft:talked_to_villager":2,"minecraft:play_time":730171,"minecraft:deaths":9,"minecraft:jump":5586,"minecraft:walk_on_water_one_cm":130613,"minecraft:interact_with_furnace":148,"minecraft:interact_with_cartography_table":5,"minecraft:interact_with_loom":7,"minecraft:sleep_in_bed":9,"minecraft:damage_dealt":30971,"minecraft:crouch_one_cm":69031,"minecraft:interact_with_smoker":17,"minecraft:horse_one_cm":1487,"minecraft:mob_kills":184,"minecraft:interact_with_campfire":124,"minecraft:climb_one_cm":2062,"minecraft:walk_one_cm":2980902,"minecraft:sneak_time":23490,"minecraft:walk_under_water_one_cm":151842,"minecraft:interact_with_blast_furnace":18,"minecraft:total_world_time":730171,"minecraft:interact_with_grindstone":3,"minecraft:interact_with_stonecutter":10,"minecraft:time_since_rest":8414,"minecraft:damage_taken":8851,"minecraft:swim_one_cm":311215,"minecraft:fly_one_cm":457138,"minecraft:open_chest":390,"minecraft:fall_one_cm":96540},"minecraft:used":{"minecraft:iron_shovel":702,"minecraft:chest":14,"minecraft:shield":104,"minecraft:stone":1,"minecraft:iron_sword":686,"minecraft:rotten_flesh":6,"minecraft:iron_chestplate":1,"minecraft:mutton":1,"minecraft:tuff":4,"minecraft:snowball":16,"minecraft:glass":173,"minecraft:bow":14,"minecraft:sweet_berries":66,"minecraft:furnace":2,"minecraft:egg":3,"immersive_aircraft:biplane":10,"minecraft:potato":13,"minecraft:diorite":3,"minecraft:leather_leggings":2,"minecraft:spruce_door":8,"minecraft:stone_pickaxe":2625,"minecraft:wooden_pickaxe":59,"minecraft:sugar_cane":64,"minecraft:sand":3,"alexscaves:cave_book":5,"minecraft:bread":10,"minecraft:string":1,"minecraft:grindstone":1,"minecraft:stone_sword":116,"minecraft:stone_shovel":691,"minecraft:spruce_planks":67,"minecraft:stone_hoe":2,"minecraft:cooked_chicken":2,"minecraft:torch":267,"minecraft:dirt":323,"minecraft:spruce_stairs":18,"minecraft:spruce_fence":21,"minecraft:granite":1,"minecraft:iron_axe":82,"minecraft:iron_boots":2,"minecraft:cooked_beef":18,"minecraft:cobbled_deepslate":214,"minecraft:pumpkin":1,"minecraft:iron_leggings":3,"minecraft:cooked_mutton":2,"minecraft:cobblestone_stairs":197,"minecraft:baked_potato":82,"minecraft:stonecutter":1,"minecraft:mossy_cobblestone":1,"minecraft:oak_slab":1,"minecraft:crafting_table":5,"minecraft:cornflower":1,"minecraft:chicken":3,"minecraft:iron_pickaxe":1735,"minecraft:map":3,"minecraft:spruce_trapdoor":17,"minecraft:spruce_sapling":5,"minecraft:stone_axe":139,"minecraft:cobblestone":925,"minecraft:porkchop":2,"minecraft:kelp":11},"minecraft:dropped":{"minecraft:moss_block":2,"minecraft:cooked_beef":1,"minecraft:oak_log":1,"travelersbackpack:standard":1,"artifacts:night_vision_goggles":1,"minecraft:dirt":10,"minecraft:cornflower":1,"minecraft:snowball":14,"create:goggles":2,"minecraft:cobbled_deepslate":1,"minecraft:pointed_dripstone":2,"minecraft:rotten_flesh":24,"minecraft:polished_granite":1,"minecraft:wheat_seeds":3,"minecraft:cobbled_deepslate_stairs":4,"minecraft:dripstone_block":1,"minecraft:feather":1,"minecraft:stick":2,"minecraft:oxeye_daisy":1,"minecraft:deepslate_brick_stairs":1,"minecraft:diorite":1,"minecraft:dandelion":6,"minecraft:redstone":1,"minecraft:kelp":1,"minecraft:sweet_berries":16,"minecraft:tuff":5,"minecraft:clay_ball":44,"minecraft:spruce_fence":1,"minecraft:pumpkin_seeds":2,"minecraft:lily_of_the_valley":2,"minecraft:deepslate_bricks":1,"minecraft:filled_map":1,"graveyard:small_light_gray_urn":1,"minecraft:andesite":2,"minecraft:stone_pickaxe":1},"minecraft:killed":{"minecraft:spider":10,"minecraft:skeleton":25,"minecraft:bee":1,"minecraft:chicken":8,"minecraft:pig":5,"minecraft:creeper":2,"minecraft:sheep":22,"minecraft:pillager":2,"minecraft:zombie":78,"minecraft:cow":13,"graveyard:revenant":2,"minecraft:phantom":1,"minecraft:drowned":2,"graveyard:ghoul":6,"minecraft:bat":1},"minecraft:broken":{"minecraft:iron_shovel":2,"minecraft:stone_pickaxe":20,"minecraft:stone_axe":1,"minecraft:bow":1,"minecraft:stone_shovel":5,"minecraft:wooden_pickaxe":1,"minecraft:shield":1,"minecraft:iron_pickaxe":6}},"DataVersion":3465}