{"stats":{"minecraft:killed_by":{"minecraft:creeper":1,"minecraft:enderman":1},"minecraft:crafted":{"minecraft:stone_shovel":5,"minecraft:crafting_table":1,"minecraft:spruce_planks":264,"minecraft:wooden_pickaxe":1,"minecraft:baked_potato":8,"minecraft:spruce_door":3,"minecraft:furnace":1,"minecraft:copper_ingot":12,"minecraft:stone":1,"minecraft:stone_axe":1,"minecraft:air":0,"minecraft:glass":109,"minecraft:spruce_stairs":8,"minecraft:shield":1,"minecraft:stick":108,"minecraft:iron_ingot":2,"minecraft:iron_pickaxe":4,"minecraft:stone_pickaxe":12,"minecraft:stone_sword":1,"minecraft:chest":4,"minecraft:iron_shovel":3,"minecraft:dried_kelp_block":12,"minecraft:torch":240,"minecraft:stone_hoe":1},"minecraft:mined":{"minecraft:kelp_plant":16,"minecraft:spruce_door":2,"minecraft:clay":6,"minecraft:torch":7,"minecraft:granite":427,"minecraft:grass_block":25,"minecraft:chest":1,"minecraft:glass":3,"minecraft:copper_ore":43,"minecraft:cobblestone":8,"minecraft:spruce_leaves":54,"minecraft:sugar_cane":10,"minecraft:kelp":27,"minecraft:wall_torch":1,"minecraft:large_fern":1,"minecraft:seagrass":7,"minecraft:iron_ore":1,"minecraft:spruce_log":64,"minecraft:andesite":249,"minecraft:potatoes":4,"minecraft:coal_ore":90,"minecraft:dirt_path":10,"minecraft:gravel":119,"minecraft:sand":183,"minecraft:dirt":1007,"minecraft:stone":1434},"minecraft:picked_up":{"artifacts:night_vision_goggles":1,"minecraft:clay_ball":44,"minecraft:andesite":246,"minecraft:potato":18,"minecraft:flint":13,"minecraft:shield":1,"minecraft:dirt":1055,"minecraft:raw_copper":290,"minecraft:iron_shovel":1,"minecraft:glass":76,"minecraft:bone":1,"minecraft:kelp":131,"minecraft:wheat_seeds":2,"minecraft:iron_ingot":1,"minecraft:spruce_planks":79,"minecraft:stone_pickaxe":1,"create:goggles":2,"minecraft:iron_pickaxe":1,"minecraft:sugar_cane":23,"minecraft:chest":1,"minecraft:stone_hoe":2,"minecraft:stick":25,"minecraft:raw_iron":1,"minecraft:torch":231,"minecraft:gravel":106,"minecraft:sand":185,"minecraft:dried_kelp":117,"minecraft:spruce_sapling":16,"minecraft:spruce_log":68,"minecraft:spruce_door":6,"minecraft:stone_sword":2,"minecraft:arrow":2,"minecraft:rotten_flesh":4,"minecraft:stone_shovel":1,"minecraft:stone_axe":2,"artifacts:villager_hat":1,"minecraft:granite":614,"minecraft:baked_potato":7,"minecraft:coal":135,"minecraft:cobblestone":2081},"minecraft:custom":{"minecraft:interact_with_furnace":77,"minecraft:mob_kills":13,"minecraft:interact_with_crafting_table":54,"minecraft:interact_with_campfire":124,"minecraft:time_since_death":1554,"minecraft:sleep_in_bed":3,"minecraft:time_since_rest":1583,"minecraft:sprint_one_cm":43709,"minecraft:damage_taken":1250,"minecraft:walk_one_cm":936015,"minecraft:damage_blocked_by_shield":490,"minecraft:drop":8,"minecraft:damage_dealt":2492,"minecraft:swim_one_cm":33033,"minecraft:talked_to_villager":1,"minecraft:fly_one_cm":49221,"minecraft:open_chest":63,"minecraft:crouch_one_cm":3988,"minecraft:play_time":192341,"minecraft:sneak_time":1535,"minecraft:deaths":2,"minecraft:walk_under_water_one_cm":63020,"minecraft:jump":852,"minecraft:interact_with_blast_furnace":12,"minecraft:walk_on_water_one_cm":45511,"minecraft:total_world_time":192341,"minecraft:interact_with_smoker":5,"minecraft:fall_one_cm":8307},"minecraft:used":{"minecraft:stone_sword":106,"minecraft:iron_shovel":680,"minecraft:spruce_door":5,"minecraft:stone_shovel":691,"minecraft:stone_pickaxe":1441,"minecraft:baked_potato":8,"minecraft:shield":9,"minecraft:wooden_pickaxe":59,"minecraft:chest":7,"minecraft:spruce_planks":18,"minecraft:stone":1,"minecraft:sugar_cane":8,"minecraft:stone_hoe":2,"minecraft:torch":48,"minecraft:dirt":246,"minecraft:crafting_table":1,"minecraft:spruce_stairs":8,"minecraft:glass":109,"minecraft:bread":4,"minecraft:iron_pickaxe":758,"minecraft:stone_axe":99,"minecraft:cobblestone":193,"minecraft:furnace":1,"minecraft:potato":13,"minecraft:kelp":11},"minecraft:dropped":{"minecraft:kelp":1,"minecraft:rotten_flesh":4,"minecraft:clay_ball":40,"artifacts:night_vision_goggles":1,"create:goggles":2},"minecraft:killed":{"minecraft:phantom":1,"minecraft:skeleton":1,"minecraft:zombie":10},"minecraft:broken":{"minecraft:stone_pickaxe":11,"minecraft:iron_shovel":2,"minecraft:iron_pickaxe":3,"minecraft:stone_shovel":5,"minecraft:wooden_pickaxe":1}},"DataVersion":3465}