{"stats":{"minecraft:killed":{"minecraft:cave_spider":1,"minecraft:spider":13,"minecraft:skeleton":29,"minecraft:bee":1,"minecraft:chicken":8,"minecraft:pig":5,"minecraft:zombie_villager":1,"minecraft:creeper":2,"minecraft:sheep":26,"minecraft:pillager":2,"minecraft:zombie":85,"minecraft:cow":13,"graveyard:revenant":2,"minecraft:phantom":1,"minecraft:drowned":2,"graveyard:ghoul":7,"minecraft:bat":1,"minecraft:enderman":1},"minecraft:mined":{"minecraft:spruce_planks":1,"minecraft:cobbled_deepslate_stairs":4,"minecraft:cobblestone_stairs":4,"minecraft:spruce_trapdoor":5,"minecraft:granite":458,"minecraft:grass_block":106,"minecraft:deepslate_bricks":1,"minecraft:oxeye_daisy":1,"minecraft:tall_seagrass":3,"minecraft:iron_ore":121,"minecraft:cobbled_deepslate":6,"minecraft:pumpkin":1,"minecraft:deepslate_lapis_ore":11,"create:asurine":17,"minecraft:pointed_dripstone":1,"minecraft:dirt_path":12,"minecraft:deepslate_brick_stairs":1,"minecraft:tripwire":1,"minecraft:deepslate_redstone_ore":53,"minecraft:kelp_plant":17,"minecraft:powder_snow":13,"minecraft:clay":7,"minecraft:torch":40,"minecraft:chest":2,"minecraft:glass":3,"minecraft:cobblestone":33,"minecraft:grindstone":1,"minecraft:sugar_cane":187,"minecraft:oak_planks":2,"minecraft:wall_torch":13,"minecraft:deepslate_copper_ore":1,"minecraft:seagrass":9,"farmersdelight:sandy_shrub":2,"graveyard:oak_coffin":1,"graveyard:tg_tuff":5,"minecraft:grass":16,"minecraft:oak_log":40,"minecraft:sand":223,"minecraft:dirt":1110,"minecraft:oak_leaves":40,"minecraft:deepslate":376,"create:zinc_ore":83,"minecraft:tuff":14,"minecraft:dead_bubble_coral":1,"minecraft:deepslate_diamond_ore":2,"minecraft:glow_lichen":1,"minecraft:spruce_fence":1,"graveyard:tg_stone":2,"farmersdelight:wild_cabbages":9,"minecraft:spruce_leaves":167,"minecraft:kelp":40,"minecraft:moss_block":2,"minecraft:large_fern":11,"minecraft:redstone_ore":6,"graveyard:tg_moss_block":1,"graveyard:tg_andesite":3,"minecraft:andesite":302,"minecraft:stripped_spruce_log":3,"graveyard:sarcophagus":4,"minecraft:potatoes":4,"minecraft:deepslate_iron_ore":46,"minecraft:stone":2590,"minecraft:oak_slab":1,"minecraft:spruce_door":2,"minecraft:polished_granite":1,"travelersbackpack:standard":2,"graveyard:small_light_gray_urn":1,"minecraft:oak_fence":2,"minecraft:crafting_table":2,"minecraft:cornflower":1,"graveyard:tg_grass_block":1,"minecraft:tall_grass":1,"minecraft:copper_ore":58,"minecraft:lapis_ore":10,"minecraft:deepslate_gold_ore":38,"minecraft:diorite":106,"minecraft:blue_bed":2,"graveyard:vase_block":2,"minecraft:sweet_berry_bush":8,"minecraft:spruce_log":118,"minecraft:birch_leaves":3,"minecraft:coal_ore":759,"minecraft:gravel":190,"minecraft:dripstone_block":1,"minecraft:cobweb":45,"minecraft:gold_ore":3,"minecraft:fern":10},"minecraft:broken":{"minecraft:iron_shovel":2,"minecraft:stone_pickaxe":23,"minecraft:stone_axe":1,"minecraft:bow":1,"minecraft:stone_shovel":5,"minecraft:wooden_pickaxe":1,"minecraft:shield":1,"minecraft:iron_pickaxe":7},"minecraft:killed_by":{"minecraft:creeper":1,"minecraft:drowned":1,"graveyard:skeleton_creeper":1,"minecraft:zombie":1,"minecraft:stray":1,"minecraft:enderman":1,"minecraft:skeleton":1},"minecraft:crafted":{"minecraft:oak_planks":136,"minecraft:cooked_chicken":2,"minecraft:stone":4,"minecraft:cobblestone_stairs":30,"minecraft:cooked_mutton":31,"minecraft:glass":206,"minecraft:iron_boots":2,"immersive_aircraft:hull":2,"minecraft:chest":12,"minecraft:dried_kelp_block":12,"minecraft:stone_hoe":1,"minecraft:map":3,"minecraft:crafting_table":7,"minecraft:spruce_planks":732,"travelersbackpack:standard":2,"minecraft:wooden_pickaxe":1,"minecraft:iron_helmet":2,"minecraft:baked_potato":172,"minecraft:spruce_door":6,"minecraft:copper_ingot":12,"immersive_aircraft:propeller":2,"minecraft:spruce_trapdoor":12,"minecraft:iron_chestplate":2,"minecraft:paper":48,"minecraft:shield":3,"minecraft:stick":256,"minecraft:iron_ingot":108,"minecraft:compass":3,"minecraft:iron_pickaxe":8,"minecraft:stone_sword":1,"minecraft:gold_ingot":35,"minecraft:stone_shovel":5,"minecraft:furnace":3,"minecraft:spruce_fence":21,"minecraft:white_carpet":3,"minecraft:spruce_stairs":32,"travelersbackpack:white_sleeping_bag":2,"minecraft:iron_axe":2,"minecraft:stone_pickaxe":24,"minecraft:cooked_beef":18,"travelersbackpack:backpack_tank":4,"minecraft:iron_sword":4,"minecraft:stone_axe":2,"minecraft:air":0,"minecraft:iron_shovel":5,"minecraft:iron_leggings":1,"minecraft:stonecutter":1,"minecraft:torch":568},"minecraft:custom":{"minecraft:interact_with_crafting_table":187,"minecraft:open_barrel":5,"minecraft:leave_game":8,"minecraft:time_since_death":107933,"minecraft:sprint_one_cm":758204,"minecraft:damage_blocked_by_shield":6450,"minecraft:drop":74,"minecraft:talked_to_villager":2,"minecraft:play_time":851439,"minecraft:deaths":10,"minecraft:jump":6958,"minecraft:walk_on_water_one_cm":144172,"minecraft:interact_with_furnace":161,"minecraft:interact_with_cartography_table":7,"minecraft:interact_with_loom":7,"minecraft:sleep_in_bed":9,"minecraft:damage_dealt":35105,"minecraft:crouch_one_cm":91087,"minecraft:interact_with_smoker":17,"minecraft:horse_one_cm":1487,"minecraft:mob_kills":206,"minecraft:interact_with_campfire":124,"minecraft:climb_one_cm":2062,"minecraft:walk_one_cm":3432532,"minecraft:sneak_time":31274,"minecraft:walk_under_water_one_cm":156867,"minecraft:interact_with_blast_furnace":18,"minecraft:total_world_time":851439,"minecraft:interact_with_grindstone":4,"minecraft:interact_with_stonecutter":10,"minecraft:time_since_rest":107955,"minecraft:damage_taken":10148,"minecraft:swim_one_cm":381666,"minecraft:fly_one_cm":530781,"minecraft:open_chest":416,"minecraft:fall_one_cm":120750},"minecraft:picked_up":{"minecraft:iron_chestplate":2,"minecraft:oak_stairs":2,"minecraft:string":70,"minecraft:raw_copper":335,"minecraft:iron_leggings":3,"graveyard:sarcophagus":4,"minecraft:cobbled_deepslate":460,"farmersdelight:cabbage":2,"minecraft:spruce_planks":203,"minecraft:iron_pickaxe":6,"farmersdelight:cabbage_seeds":18,"minecraft:iron_boots":2,"minecraft:stick":49,"minecraft:oak_fence":2,"minecraft:torch":571,"minecraft:porkchop":12,"minecraft:dried_kelp":117,"minecraft:diorite":105,"minecraft:pointed_dripstone":2,"minecraft:stone_sword":4,"minecraft:rotten_flesh":98,"artifacts:villager_hat":1,"create:asurine":17,"minecraft:deepslate_brick_stairs":1,"minecraft:cod":3,"minecraft:snowball":46,"minecraft:cobblestone":3299,"minecraft:feather":11,"minecraft:cooked_beef":8,"minecraft:andesite":301,"minecraft:brown_wool":1,"minecraft:potato":18,"minecraft:flint":19,"minecraft:tuff":21,"create:raw_zinc":87,"minecraft:lapis_lazuli":127,"minecraft:map":4,"minecraft:dirt":1322,"minecraft:polished_granite":1,"minecraft:glass":76,"minecraft:bone":61,"minecraft:bow":4,"minecraft:wheat_seeds":8,"minecraft:raw_gold":47,"minecraft:grindstone":1,"create:goggles":2,"minecraft:moss_block":5,"minecraft:stone_hoe":2,"minecraft:oak_planks":3,"minecraft:sand":253,"minecraft:stripped_spruce_log":3,"minecraft:lily_of_the_valley":2,"minecraft:mossy_cobblestone":1,"graveyard:oak_coffin":1,"minecraft:white_candle":1,"minecraft:diamond":2,"minecraft:granite":645,"minecraft:bread":6,"minecraft:oak_sapling":5,"minecraft:crafting_table":2,"artifacts:night_vision_goggles":1,"minecraft:chicken":6,"minecraft:clay_ball":48,"minecraft:leather_leggings":2,"minecraft:shield":6,"minecraft:cornflower":2,"minecraft:iron_axe":2,"immersive_aircraft:biplane":12,"minecraft:iron_shovel":3,"graveyard:corruption":4,"minecraft:beef":29,"minecraft:sugar_cane":419,"minecraft:chest":2,"minecraft:spruce_trapdoor":5,"minecraft:egg":6,"minecraft:raw_iron":167,"minecraft:copper_ingot":2,"minecraft:spruce_fence":1,"minecraft:redstone":284,"minecraft:arrow":34,"minecraft:stone_shovel":1,"minecraft:deepslate_bricks":1,"minecraft:hay_block":5,"minecraft:white_wool":22,"minecraft:mutton":39,"minecraft:bone_block":1,"minecraft:oxeye_daisy":1,"minecraft:glow_ink_sac":4,"minecraft:leather":17,"minecraft:filled_map":2,"graveyard:small_light_gray_urn":1,"minecraft:oak_log":53,"minecraft:cobblestone_stairs":4,"minecraft:cobbled_deepslate_stairs":4,"minecraft:gunpowder":2,"minecraft:blue_bed":2,"minecraft:paper":6,"minecraft:cooked_mutton":4,"minecraft:apple":1,"minecraft:kelp":158,"minecraft:stone_pickaxe":2,"minecraft:iron_ingot":46,"minecraft:cooked_chicken":2,"minecraft:cobweb":20,"minecraft:iron_sword":5,"minecraft:oak_slab":1,"minecraft:pumpkin":1,"minecraft:sweet_berries":72,"minecraft:dandelion":6,"minecraft:dripstone_block":1,"minecraft:gravel":242,"minecraft:spruce_sapling":30,"minecraft:spruce_log":155,"minecraft:spruce_door":6,"minecraft:spider_eye":2,"travelersbackpack:standard":3,"minecraft:pumpkin_seeds":2,"minecraft:stone_axe":2,"minecraft:iron_helmet":2,"minecraft:gray_wool":2,"minecraft:baked_potato":85,"minecraft:black_wool":1,"minecraft:coal":809,"minecraft:ender_pearl":1},"minecraft:dropped":{"minecraft:moss_block":2,"minecraft:cooked_beef":1,"minecraft:oak_log":1,"travelersbackpack:standard":2,"artifacts:night_vision_goggles":1,"minecraft:dirt":10,"minecraft:cornflower":1,"minecraft:snowball":14,"create:goggles":2,"minecraft:cobbled_deepslate":1,"minecraft:pointed_dripstone":2,"minecraft:rotten_flesh":29,"minecraft:polished_granite":1,"minecraft:wheat_seeds":3,"minecraft:cobbled_deepslate_stairs":4,"minecraft:dripstone_block":1,"minecraft:feather":1,"minecraft:granite":14,"minecraft:stick":2,"minecraft:oxeye_daisy":1,"minecraft:deepslate_brick_stairs":1,"minecraft:diorite":36,"minecraft:dandelion":6,"minecraft:redstone":1,"minecraft:kelp":1,"minecraft:sweet_berries":16,"minecraft:tuff":5,"minecraft:clay_ball":44,"minecraft:spruce_fence":1,"minecraft:pumpkin_seeds":2,"minecraft:lily_of_the_valley":2,"minecraft:deepslate_bricks":1,"minecraft:filled_map":1,"graveyard:small_light_gray_urn":1,"minecraft:andesite":2,"minecraft:stone_pickaxe":1},"minecraft:used":{"minecraft:moss_block":3,"minecraft:iron_shovel":702,"minecraft:chest":14,"minecraft:shield":134,"minecraft:stone":1,"minecraft:iron_sword":837,"minecraft:rotten_flesh":6,"minecraft:iron_chestplate":1,"minecraft:mutton":3,"minecraft:tuff":4,"minecraft:snowball":32,"minecraft:glass":173,"minecraft:iron_helmet":1,"minecraft:bow":15,"minecraft:sweet_berries":69,"minecraft:furnace":3,"minecraft:egg":5,"immersive_aircraft:biplane":10,"minecraft:potato":13,"minecraft:diorite":3,"minecraft:leather_leggings":3,"minecraft:spruce_door":8,"minecraft:stone_pickaxe":3018,"minecraft:wooden_pickaxe":59,"minecraft:sugar_cane":64,"minecraft:sand":3,"alexscaves:cave_book":5,"minecraft:bread":18,"minecraft:string":1,"minecraft:grindstone":1,"minecraft:stone_sword":116,"minecraft:stone_shovel":691,"minecraft:spruce_planks":67,"minecraft:cooked_chicken":2,"minecraft:stone_hoe":2,"minecraft:torch":381,"minecraft:dirt":390,"minecraft:spruce_stairs":18,"minecraft:spruce_fence":21,"minecraft:granite":1,"minecraft:iron_axe":82,"minecraft:iron_boots":2,"minecraft:cooked_beef":18,"minecraft:cobbled_deepslate":214,"minecraft:pumpkin":1,"minecraft:iron_leggings":3,"minecraft:cooked_mutton":13,"minecraft:cobblestone_stairs":197,"minecraft:baked_potato":82,"minecraft:stonecutter":1,"minecraft:mossy_cobblestone":1,"minecraft:oak_slab":1,"minecraft:crafting_table":8,"minecraft:cornflower":1,"minecraft:chicken":3,"minecraft:iron_pickaxe":2063,"minecraft:map":4,"minecraft:spruce_trapdoor":17,"minecraft:spruce_sapling":5,"minecraft:stone_axe":173,"minecraft:cobblestone":1078,"travelersbackpack:standard":3,"minecraft:porkchop":2,"minecraft:kelp":12}},"DataVersion":3465}