{"stats":{"minecraft:killed_by":{"minecraft:creeper":1,"minecraft:enderman":1},"minecraft:crafted":{"minecraft:stone_shovel":5,"minecraft:crafting_table":1,"minecraft:spruce_planks":436,"minecraft:wooden_pickaxe":1,"minecraft:baked_potato":57,"minecraft:iron_sword":1,"minecraft:spruce_door":3,"minecraft:furnace":1,"minecraft:copper_ingot":12,"minecraft:stone":1,"minecraft:stone_axe":1,"minecraft:air":0,"minecraft:glass":173,"minecraft:spruce_trapdoor":12,"minecraft:spruce_stairs":32,"minecraft:shield":1,"minecraft:stick":108,"minecraft:iron_ingot":2,"minecraft:iron_pickaxe":4,"minecraft:stone_pickaxe":12,"minecraft:stone_sword":1,"minecraft:chest":4,"minecraft:iron_shovel":4,"minecraft:dried_kelp_block":12,"minecraft:torch":240,"minecraft:stone_hoe":1},"minecraft:mined":{"minecraft:spruce_planks":1,"minecraft:kelp_plant":16,"minecraft:spruce_door":2,"minecraft:spruce_trapdoor":5,"minecraft:clay":6,"minecraft:torch":8,"minecraft:granite":427,"minecraft:grass_block":36,"minecraft:chest":1,"minecraft:glass":3,"minecraft:copper_ore":43,"minecraft:cobblestone":8,"minecraft:spruce_leaves":76,"minecraft:sugar_cane":20,"minecraft:kelp":27,"minecraft:wall_torch":1,"minecraft:large_fern":3,"minecraft:seagrass":7,"minecraft:iron_ore":1,"minecraft:spruce_log":94,"minecraft:andesite":249,"minecraft:potatoes":4,"minecraft:coal_ore":90,"minecraft:dirt_path":10,"minecraft:gravel":119,"minecraft:sand":183,"minecraft:dirt":1011,"minecraft:stone":1446,"minecraft:fern":5},"minecraft:picked_up":{"artifacts:night_vision_goggles":1,"minecraft:clay_ball":44,"minecraft:andesite":246,"minecraft:potato":18,"minecraft:flint":13,"minecraft:shield":1,"minecraft:dirt":1070,"minecraft:raw_copper":290,"minecraft:iron_shovel":1,"minecraft:glass":76,"minecraft:bone":1,"minecraft:kelp":131,"minecraft:wheat_seeds":4,"minecraft:iron_ingot":1,"minecraft:spruce_planks":80,"minecraft:stone_pickaxe":1,"create:goggles":2,"minecraft:iron_pickaxe":1,"minecraft:sugar_cane":37,"minecraft:chest":1,"minecraft:spruce_trapdoor":5,"minecraft:stone_hoe":2,"minecraft:stick":26,"minecraft:raw_iron":1,"minecraft:torch":232,"minecraft:gravel":106,"minecraft:sand":185,"minecraft:dried_kelp":117,"minecraft:spruce_sapling":20,"minecraft:spruce_log":98,"minecraft:spruce_door":6,"minecraft:stone_sword":2,"minecraft:arrow":2,"minecraft:rotten_flesh":4,"minecraft:stone_shovel":1,"minecraft:stone_axe":2,"artifacts:villager_hat":1,"minecraft:granite":614,"minecraft:baked_potato":7,"minecraft:coal":135,"minecraft:cobblestone":2093},"minecraft:custom":{"minecraft:interact_with_furnace":87,"minecraft:mob_kills":15,"minecraft:interact_with_crafting_table":62,"minecraft:interact_with_campfire":124,"minecraft:time_since_death":37554,"minecraft:climb_one_cm":315,"minecraft:sleep_in_bed":5,"minecraft:time_since_rest":7909,"minecraft:sprint_one_cm":54221,"minecraft:damage_taken":1380,"minecraft:walk_one_cm":1161235,"minecraft:damage_blocked_by_shield":760,"minecraft:drop":8,"minecraft:damage_dealt":2952,"minecraft:swim_one_cm":33033,"minecraft:talked_to_villager":1,"minecraft:fly_one_cm":65629,"minecraft:open_chest":101,"minecraft:crouch_one_cm":6254,"minecraft:play_time":228341,"minecraft:sneak_time":2248,"minecraft:deaths":2,"minecraft:walk_under_water_one_cm":63370,"minecraft:jump":1103,"minecraft:interact_with_blast_furnace":16,"minecraft:walk_on_water_one_cm":47804,"minecraft:total_world_time":228341,"minecraft:interact_with_smoker":9,"minecraft:fall_one_cm":12605},"minecraft:used":{"minecraft:stone_sword":107,"minecraft:iron_shovel":693,"minecraft:spruce_door":5,"minecraft:stone_shovel":691,"minecraft:stone_pickaxe":1441,"minecraft:baked_potato":15,"minecraft:iron_sword":10,"minecraft:shield":18,"minecraft:wooden_pickaxe":59,"minecraft:chest":7,"minecraft:spruce_planks":39,"minecraft:stone":1,"minecraft:sugar_cane":22,"minecraft:stone_hoe":2,"minecraft:torch":50,"minecraft:dirt":249,"minecraft:crafting_table":1,"minecraft:spruce_stairs":18,"minecraft:glass":173,"minecraft:bread":4,"minecraft:iron_pickaxe":770,"minecraft:spruce_trapdoor":17,"minecraft:stone_axe":139,"minecraft:cobblestone":201,"minecraft:furnace":1,"minecraft:potato":13,"minecraft:kelp":11},"minecraft:dropped":{"minecraft:kelp":1,"minecraft:rotten_flesh":4,"minecraft:clay_ball":40,"artifacts:night_vision_goggles":1,"create:goggles":2},"minecraft:killed":{"minecraft:phantom":1,"minecraft:skeleton":1,"minecraft:pillager":2,"minecraft:zombie":10},"minecraft:broken":{"minecraft:stone_pickaxe":11,"minecraft:iron_shovel":2,"minecraft:stone_axe":1,"minecraft:iron_pickaxe":3,"minecraft:stone_shovel":5,"minecraft:wooden_pickaxe":1}},"DataVersion":3465}