{"stats":{"minecraft:broken":{"minecraft:stone_pickaxe":2,"minecraft:stone_shovel":1,"minecraft:wooden_pickaxe":1},"minecraft:crafted":{"minecraft:glass":6,"minecraft:stone_shovel":2,"minecraft:crafting_table":1,"minecraft:spruce_planks":256,"minecraft:stick":28,"minecraft:wooden_pickaxe":1,"minecraft:stone_pickaxe":3,"minecraft:chest":4,"minecraft:furnace":1,"minecraft:dried_kelp_block":6,"minecraft:stone_hoe":1,"minecraft:stone_axe":1,"minecraft:air":0},"minecraft:used":{"minecraft:stone_shovel":249,"minecraft:stone_pickaxe":367,"minecraft:baked_potato":1,"minecraft:chest":4,"minecraft:spruce_planks":18,"minecraft:wooden_pickaxe":59,"minecraft:stone_hoe":2,"minecraft:stone_axe":96,"minecraft:dirt":81,"minecraft:cobblestone":14,"minecraft:crafting_table":1,"minecraft:furnace":1,"minecraft:potato":11,"minecraft:kelp":11},"minecraft:mined":{"minecraft:seagrass":1,"minecraft:kelp_plant":15,"minecraft:spruce_log":64,"minecraft:andesite":57,"minecraft:granite":47,"minecraft:grass_block":9,"minecraft:potatoes":2,"minecraft:coal_ore":8,"minecraft:dirt_path":9,"minecraft:sand":23,"minecraft:dirt":178,"minecraft:copper_ore":7,"minecraft:cobblestone":4,"minecraft:spruce_leaves":54,"minecraft:stone":299,"minecraft:kelp":25,"minecraft:sugar_cane":6},"minecraft:picked_up":{"minecraft:stick":11,"minecraft:andesite":57,"minecraft:potato":10,"minecraft:sand":23,"minecraft:dried_kelp":71,"minecraft:spruce_sapling":16,"minecraft:spruce_log":64,"minecraft:dirt":185,"minecraft:raw_copper":16,"minecraft:kelp":126,"artifacts:villager_hat":1,"minecraft:granite":44,"minecraft:baked_potato":1,"minecraft:sugar_cane":15,"minecraft:coal":8,"minecraft:cobblestone":301},"minecraft:custom":{"minecraft:time_since_rest":36994,"minecraft:interact_with_furnace":23,"minecraft:sprint_one_cm":16305,"minecraft:damage_taken":110,"minecraft:walk_one_cm":206014,"minecraft:interact_with_crafting_table":24,"minecraft:swim_one_cm":22008,"minecraft:fly_one_cm":17370,"minecraft:open_chest":10,"minecraft:crouch_one_cm":1746,"minecraft:play_time":48300,"minecraft:interact_with_campfire":76,"minecraft:sneak_time":644,"minecraft:walk_under_water_one_cm":31027,"minecraft:jump":295,"minecraft:interact_with_smoker":2,"minecraft:interact_with_blast_furnace":3,"minecraft:walk_on_water_one_cm":14798,"minecraft:time_since_death":48300,"minecraft:sleep_in_bed":1,"minecraft:total_world_time":48300,"minecraft:fall_one_cm":2127}},"DataVersion":3465}