{"stats":{"minecraft:killed_by":{"minecraft:creeper":1,"minecraft:enderman":1,"minecraft:zombie":1},"minecraft:crafted":{"minecraft:stone_shovel":5,"minecraft:furnace":2,"minecraft:cobblestone_stairs":30,"minecraft:stone":4,"minecraft:spruce_fence":21,"minecraft:glass":173,"minecraft:spruce_stairs":32,"minecraft:iron_boots":1,"minecraft:iron_axe":1,"immersive_aircraft:hull":2,"minecraft:stone_pickaxe":19,"minecraft:chest":8,"minecraft:dried_kelp_block":12,"minecraft:stone_hoe":1,"minecraft:cooked_beef":14,"minecraft:map":3,"minecraft:crafting_table":3,"minecraft:spruce_planks":704,"minecraft:wooden_pickaxe":1,"minecraft:baked_potato":57,"minecraft:iron_sword":2,"minecraft:spruce_door":3,"minecraft:copper_ingot":12,"minecraft:stone_axe":1,"immersive_aircraft:propeller":1,"minecraft:air":0,"minecraft:spruce_trapdoor":12,"minecraft:iron_chestplate":1,"minecraft:paper":48,"minecraft:shield":2,"minecraft:stick":188,"minecraft:compass":3,"minecraft:iron_ingot":22,"minecraft:iron_pickaxe":5,"minecraft:stone_sword":1,"minecraft:iron_shovel":4,"minecraft:stonecutter":1,"minecraft:torch":372},"minecraft:picked_up":{"artifacts:night_vision_goggles":1,"minecraft:clay_ball":44,"minecraft:shield":3,"minecraft:string":12,"minecraft:raw_copper":330,"minecraft:iron_axe":2,"immersive_aircraft:biplane":3,"minecraft:iron_shovel":3,"minecraft:cobbled_deepslate":364,"minecraft:spruce_planks":178,"minecraft:beef":18,"minecraft:iron_pickaxe":4,"minecraft:sugar_cane":132,"minecraft:chest":2,"minecraft:spruce_trapdoor":5,"minecraft:raw_iron":65,"minecraft:stick":29,"minecraft:torch":526,"minecraft:porkchop":3,"minecraft:dried_kelp":117,"minecraft:diorite":66,"minecraft:redstone":241,"minecraft:rotten_flesh":50,"minecraft:stone_sword":4,"minecraft:arrow":15,"minecraft:stone_shovel":1,"artifacts:villager_hat":1,"minecraft:mutton":4,"minecraft:cod":3,"minecraft:white_wool":3,"minecraft:cobblestone":2627,"minecraft:andesite":259,"minecraft:leather":10,"minecraft:potato":18,"minecraft:flint":16,"minecraft:tuff":16,"minecraft:oak_log":18,"minecraft:cobblestone_stairs":1,"minecraft:lapis_lazuli":127,"minecraft:paper":6,"minecraft:dirt":1164,"minecraft:glass":76,"minecraft:bone":11,"minecraft:kelp":131,"minecraft:bow":1,"minecraft:wheat_seeds":5,"minecraft:raw_gold":35,"minecraft:stone_pickaxe":2,"minecraft:iron_ingot":1,"create:goggles":2,"minecraft:iron_sword":2,"minecraft:stone_hoe":2,"minecraft:sweet_berries":54,"minecraft:gravel":125,"minecraft:sand":221,"minecraft:stripped_spruce_log":3,"minecraft:spruce_sapling":28,"minecraft:spruce_log":148,"minecraft:spider_eye":1,"minecraft:spruce_door":6,"minecraft:mossy_cobblestone":1,"minecraft:diamond":2,"minecraft:stone_axe":2,"minecraft:granite":631,"minecraft:baked_potato":85,"minecraft:oak_sapling":4,"minecraft:coal":232},"minecraft:mined":{"minecraft:tuff":14,"minecraft:spruce_planks":1,"minecraft:deepslate_diamond_ore":2,"minecraft:cobblestone_stairs":1,"minecraft:spruce_trapdoor":5,"minecraft:granite":444,"minecraft:grass_block":41,"minecraft:spruce_leaves":107,"minecraft:kelp":27,"minecraft:large_fern":7,"minecraft:tall_seagrass":1,"minecraft:redstone_ore":6,"minecraft:iron_ore":34,"minecraft:cobbled_deepslate":1,"minecraft:andesite":265,"minecraft:stripped_spruce_log":3,"minecraft:deepslate_lapis_ore":11,"minecraft:deepslate_iron_ore":33,"minecraft:potatoes":4,"minecraft:dirt_path":10,"minecraft:stone":1974,"minecraft:tripwire":1,"minecraft:deepslate_redstone_ore":44,"minecraft:kelp_plant":16,"minecraft:spruce_door":2,"minecraft:clay":6,"minecraft:torch":8,"minecraft:chest":2,"minecraft:glass":3,"minecraft:copper_ore":58,"minecraft:cobblestone":18,"minecraft:deepslate_gold_ore":34,"minecraft:lapis_ore":10,"minecraft:sugar_cane":79,"minecraft:diorite":65,"minecraft:wall_torch":1,"minecraft:deepslate_copper_ore":1,"minecraft:seagrass":7,"minecraft:sweet_berry_bush":5,"minecraft:spruce_log":111,"minecraft:oak_log":9,"minecraft:coal_ore":190,"minecraft:gravel":142,"minecraft:sand":186,"minecraft:dirt":1050,"minecraft:gold_ore":1,"minecraft:oak_leaves":11,"minecraft:deepslate":367,"minecraft:fern":8},"minecraft:custom":{"minecraft:mob_kills":89,"minecraft:interact_with_crafting_table":122,"minecraft:interact_with_campfire":124,"minecraft:leave_game":1,"minecraft:time_since_death":163710,"minecraft:climb_one_cm":1839,"minecraft:sprint_one_cm":224093,"minecraft:walk_one_cm":2011653,"minecraft:damage_blocked_by_shield":2620,"minecraft:drop":13,"minecraft:talked_to_villager":1,"minecraft:play_time":435404,"minecraft:deaths":5,"minecraft:sneak_time":10002,"minecraft:walk_under_water_one_cm":99522,"minecraft:jump":2803,"minecraft:interact_with_blast_furnace":18,"minecraft:walk_on_water_one_cm":85603,"minecraft:total_world_time":435404,"minecraft:interact_with_furnace":110,"minecraft:interact_with_cartography_table":5,"minecraft:interact_with_stonecutter":4,"minecraft:sleep_in_bed":7,"minecraft:time_since_rest":163743,"minecraft:damage_taken":3963,"minecraft:damage_dealt":16318,"minecraft:swim_one_cm":80822,"minecraft:fly_one_cm":187666,"minecraft:open_chest":196,"minecraft:crouch_one_cm":24473,"minecraft:interact_with_smoker":10,"minecraft:fall_one_cm":31038},"minecraft:used":{"minecraft:stone_sword":116,"minecraft:iron_shovel":693,"minecraft:stone_shovel":691,"minecraft:chest":12,"minecraft:spruce_planks":39,"minecraft:shield":61,"minecraft:stone":1,"minecraft:iron_sword":333,"minecraft:rotten_flesh":5,"minecraft:stone_hoe":2,"minecraft:torch":184,"minecraft:dirt":285,"minecraft:spruce_stairs":18,"minecraft:tuff":4,"minecraft:granite":1,"minecraft:spruce_fence":21,"minecraft:glass":173,"minecraft:iron_axe":82,"minecraft:bow":4,"minecraft:sweet_berries":66,"minecraft:furnace":2,"minecraft:cooked_beef":7,"immersive_aircraft:biplane":3,"minecraft:potato":13,"minecraft:cobbled_deepslate":126,"minecraft:diorite":3,"minecraft:cobblestone_stairs":86,"minecraft:spruce_door":5,"minecraft:stone_pickaxe":2358,"minecraft:baked_potato":31,"minecraft:wooden_pickaxe":59,"minecraft:stonecutter":1,"minecraft:sugar_cane":58,"minecraft:mossy_cobblestone":1,"minecraft:crafting_table":3,"minecraft:string":1,"minecraft:bread":4,"minecraft:iron_pickaxe":1164,"minecraft:map":3,"minecraft:spruce_trapdoor":17,"minecraft:spruce_sapling":3,"minecraft:stone_axe":139,"minecraft:cobblestone":402,"minecraft:kelp":11},"minecraft:dropped":{"minecraft:stick":2,"artifacts:night_vision_goggles":1,"create:goggles":2,"minecraft:kelp":1,"minecraft:rotten_flesh":9,"minecraft:clay_ball":40,"minecraft:filled_map":1,"minecraft:stone_pickaxe":1},"minecraft:killed":{"minecraft:spider":7,"minecraft:phantom":1,"minecraft:skeleton":13,"minecraft:drowned":1,"minecraft:pig":1,"graveyard:ghoul":3,"minecraft:bat":1,"minecraft:sheep":3,"minecraft:pillager":2,"minecraft:zombie":44,"minecraft:cow":9},"minecraft:broken":{"minecraft:iron_shovel":2,"minecraft:wooden_pickaxe":1,"minecraft:stone_pickaxe":18,"minecraft:shield":1,"minecraft:stone_axe":1,"minecraft:iron_pickaxe":4,"minecraft:bow":1,"minecraft:stone_shovel":5}},"DataVersion":3465}