{"stats":{"minecraft:killed_by":{"minecraft:creeper":1,"minecraft:enderman":1,"minecraft:zombie":1},"minecraft:crafted":{"minecraft:stone_shovel":5,"minecraft:furnace":2,"minecraft:cobblestone_stairs":30,"minecraft:stone":4,"minecraft:spruce_fence":21,"minecraft:glass":173,"minecraft:spruce_stairs":32,"minecraft:iron_axe":1,"immersive_aircraft:hull":2,"minecraft:stone_pickaxe":18,"minecraft:chest":6,"minecraft:dried_kelp_block":12,"minecraft:stone_hoe":1,"minecraft:cooked_beef":14,"minecraft:map":3,"minecraft:crafting_table":3,"minecraft:spruce_planks":704,"minecraft:wooden_pickaxe":1,"minecraft:baked_potato":57,"minecraft:iron_sword":1,"minecraft:spruce_door":3,"minecraft:copper_ingot":12,"minecraft:stone_axe":1,"immersive_aircraft:propeller":1,"minecraft:air":0,"minecraft:spruce_trapdoor":12,"minecraft:paper":48,"minecraft:shield":1,"minecraft:stick":176,"minecraft:compass":3,"minecraft:iron_ingot":7,"minecraft:iron_pickaxe":5,"minecraft:stone_sword":1,"minecraft:iron_shovel":4,"minecraft:stonecutter":1,"minecraft:torch":284},"minecraft:picked_up":{"artifacts:night_vision_goggles":1,"minecraft:clay_ball":44,"minecraft:shield":3,"minecraft:string":7,"minecraft:raw_copper":307,"minecraft:iron_axe":2,"immersive_aircraft:biplane":3,"minecraft:iron_shovel":3,"minecraft:cobbled_deepslate":70,"minecraft:spruce_planks":178,"minecraft:beef":18,"minecraft:iron_pickaxe":3,"minecraft:sugar_cane":132,"minecraft:chest":1,"minecraft:spruce_trapdoor":5,"minecraft:raw_iron":6,"minecraft:stick":29,"minecraft:torch":526,"minecraft:porkchop":3,"minecraft:dried_kelp":117,"minecraft:diorite":59,"minecraft:redstone":13,"minecraft:rotten_flesh":31,"minecraft:stone_sword":4,"minecraft:arrow":11,"minecraft:stone_shovel":1,"artifacts:villager_hat":1,"minecraft:mutton":4,"minecraft:cod":3,"minecraft:white_wool":3,"minecraft:cobblestone":2601,"minecraft:andesite":246,"minecraft:leather":10,"minecraft:potato":18,"minecraft:flint":15,"minecraft:tuff":3,"minecraft:oak_log":18,"minecraft:cobblestone_stairs":1,"minecraft:lapis_lazuli":34,"minecraft:paper":6,"minecraft:dirt":1160,"minecraft:glass":76,"minecraft:bone":10,"minecraft:kelp":131,"minecraft:bow":1,"minecraft:wheat_seeds":5,"minecraft:stone_pickaxe":1,"minecraft:iron_ingot":1,"create:goggles":2,"minecraft:iron_sword":2,"minecraft:stone_hoe":2,"minecraft:sweet_berries":54,"minecraft:gravel":113,"minecraft:sand":221,"minecraft:stripped_spruce_log":3,"minecraft:spruce_sapling":28,"minecraft:spruce_log":148,"minecraft:spruce_door":6,"minecraft:mossy_cobblestone":1,"minecraft:stone_axe":2,"minecraft:granite":630,"minecraft:baked_potato":85,"minecraft:oak_sapling":4,"minecraft:coal":232},"minecraft:mined":{"minecraft:tuff":3,"minecraft:spruce_planks":1,"minecraft:cobblestone_stairs":1,"minecraft:spruce_trapdoor":5,"minecraft:granite":443,"minecraft:grass_block":41,"minecraft:spruce_leaves":107,"minecraft:kelp":27,"minecraft:large_fern":7,"minecraft:tall_seagrass":1,"minecraft:redstone_ore":1,"minecraft:iron_ore":2,"minecraft:andesite":249,"minecraft:stripped_spruce_log":3,"minecraft:deepslate_iron_ore":4,"minecraft:potatoes":4,"minecraft:dirt_path":10,"minecraft:stone":1956,"minecraft:tripwire":1,"minecraft:kelp_plant":16,"minecraft:spruce_door":2,"minecraft:clay":6,"minecraft:torch":8,"minecraft:chest":1,"minecraft:glass":3,"minecraft:copper_ore":53,"minecraft:cobblestone":10,"minecraft:lapis_ore":5,"minecraft:sugar_cane":79,"minecraft:diorite":59,"minecraft:wall_torch":1,"minecraft:seagrass":7,"minecraft:sweet_berry_bush":5,"minecraft:spruce_log":111,"minecraft:oak_log":9,"minecraft:coal_ore":190,"minecraft:gravel":128,"minecraft:sand":186,"minecraft:dirt":1046,"minecraft:oak_leaves":11,"minecraft:deepslate":71,"minecraft:fern":8},"minecraft:custom":{"minecraft:mob_kills":61,"minecraft:interact_with_crafting_table":108,"minecraft:interact_with_campfire":124,"minecraft:leave_game":1,"minecraft:time_since_death":85710,"minecraft:climb_one_cm":1839,"minecraft:sprint_one_cm":177790,"minecraft:walk_one_cm":1690183,"minecraft:damage_blocked_by_shield":2150,"minecraft:drop":12,"minecraft:talked_to_villager":1,"minecraft:play_time":357404,"minecraft:deaths":5,"minecraft:sneak_time":5118,"minecraft:walk_under_water_one_cm":95603,"minecraft:jump":2083,"minecraft:interact_with_blast_furnace":18,"minecraft:walk_on_water_one_cm":77569,"minecraft:total_world_time":357404,"minecraft:interact_with_furnace":100,"minecraft:interact_with_cartography_table":5,"minecraft:interact_with_stonecutter":3,"minecraft:sleep_in_bed":7,"minecraft:time_since_rest":85743,"minecraft:damage_taken":3130,"minecraft:damage_dealt":10538,"minecraft:swim_one_cm":80822,"minecraft:fly_one_cm":163111,"minecraft:open_chest":164,"minecraft:crouch_one_cm":15068,"minecraft:interact_with_smoker":10,"minecraft:fall_one_cm":22038},"minecraft:used":{"minecraft:stone_sword":116,"minecraft:iron_shovel":693,"minecraft:stone_shovel":691,"minecraft:chest":9,"minecraft:spruce_planks":39,"minecraft:shield":52,"minecraft:stone":1,"minecraft:iron_sword":208,"minecraft:stone_hoe":2,"minecraft:torch":87,"minecraft:dirt":272,"minecraft:spruce_stairs":18,"minecraft:spruce_fence":21,"minecraft:glass":173,"minecraft:iron_axe":82,"minecraft:bow":4,"minecraft:sweet_berries":40,"minecraft:furnace":2,"immersive_aircraft:biplane":3,"minecraft:potato":13,"minecraft:cobbled_deepslate":1,"minecraft:cobblestone_stairs":86,"minecraft:spruce_door":5,"minecraft:stone_pickaxe":1973,"minecraft:baked_potato":31,"minecraft:wooden_pickaxe":59,"minecraft:stonecutter":1,"minecraft:sugar_cane":58,"minecraft:mossy_cobblestone":1,"minecraft:crafting_table":3,"minecraft:string":1,"minecraft:bread":4,"minecraft:iron_pickaxe":1021,"minecraft:map":3,"minecraft:spruce_trapdoor":17,"minecraft:spruce_sapling":3,"minecraft:stone_axe":139,"minecraft:cobblestone":375,"minecraft:kelp":11},"minecraft:dropped":{"minecraft:stick":2,"artifacts:night_vision_goggles":1,"create:goggles":2,"minecraft:kelp":1,"minecraft:rotten_flesh":9,"minecraft:clay_ball":40,"minecraft:filled_map":1},"minecraft:killed":{"minecraft:spider":3,"minecraft:phantom":1,"minecraft:skeleton":9,"minecraft:drowned":1,"minecraft:pig":1,"graveyard:ghoul":1,"minecraft:sheep":3,"minecraft:pillager":2,"minecraft:zombie":27,"minecraft:cow":9},"minecraft:broken":{"minecraft:iron_shovel":2,"minecraft:wooden_pickaxe":1,"minecraft:stone_pickaxe":15,"minecraft:stone_axe":1,"minecraft:iron_pickaxe":4,"minecraft:bow":1,"minecraft:stone_shovel":5}},"DataVersion":3465}