{"stats":{"minecraft:broken":{"minecraft:stone_pickaxe":5,"minecraft:stone_shovel":2,"minecraft:wooden_pickaxe":1},"minecraft:crafted":{"minecraft:glass":35,"minecraft:stone_shovel":3,"minecraft:crafting_table":1,"minecraft:spruce_planks":256,"minecraft:stick":28,"minecraft:iron_pickaxe":1,"minecraft:iron_ingot":2,"minecraft:wooden_pickaxe":1,"minecraft:stone_sword":1,"minecraft:stone_pickaxe":5,"minecraft:chest":4,"minecraft:spruce_door":3,"minecraft:furnace":1,"minecraft:copper_ingot":7,"minecraft:stone":1,"minecraft:dried_kelp_block":12,"minecraft:stone_hoe":1,"minecraft:stone_axe":1,"minecraft:air":0},"minecraft:used":{"minecraft:stone_shovel":360,"minecraft:stone_pickaxe":655,"minecraft:baked_potato":4,"minecraft:iron_pickaxe":195,"minecraft:chest":4,"minecraft:spruce_planks":18,"minecraft:wooden_pickaxe":59,"minecraft:stone":1,"minecraft:stone_hoe":2,"minecraft:stone_axe":96,"minecraft:dirt":214,"minecraft:cobblestone":15,"minecraft:crafting_table":1,"minecraft:furnace":1,"minecraft:potato":12,"minecraft:kelp":11},"minecraft:mined":{"minecraft:seagrass":2,"minecraft:kelp_plant":15,"minecraft:spruce_log":64,"minecraft:andesite":249,"minecraft:clay":1,"minecraft:granite":192,"minecraft:grass_block":12,"minecraft:potatoes":3,"minecraft:coal_ore":48,"minecraft:dirt_path":10,"minecraft:sand":91,"minecraft:dirt":229,"minecraft:copper_ore":31,"minecraft:cobblestone":4,"minecraft:spruce_leaves":54,"minecraft:stone":381,"minecraft:kelp":27,"minecraft:sugar_cane":6},"minecraft:picked_up":{"minecraft:stick":11,"minecraft:clay_ball":4,"minecraft:andesite":245,"minecraft:potato":14,"minecraft:sand":90,"minecraft:dried_kelp":117,"minecraft:spruce_sapling":16,"minecraft:spruce_log":64,"minecraft:dirt":239,"minecraft:raw_copper":100,"minecraft:kelp":128,"artifacts:villager_hat":1,"minecraft:granite":187,"minecraft:baked_potato":4,"minecraft:sugar_cane":15,"minecraft:coal":48,"minecraft:cobblestone":383},"minecraft:custom":{"minecraft:time_since_rest":84994,"minecraft:interact_with_furnace":49,"minecraft:sprint_one_cm":21921,"minecraft:damage_taken":140,"minecraft:walk_one_cm":346739,"minecraft:interact_with_crafting_table":37,"minecraft:swim_one_cm":28966,"minecraft:fly_one_cm":21296,"minecraft:open_chest":27,"minecraft:crouch_one_cm":1967,"minecraft:play_time":96300,"minecraft:interact_with_campfire":121,"minecraft:sneak_time":928,"minecraft:walk_under_water_one_cm":57094,"minecraft:jump":485,"minecraft:interact_with_smoker":4,"minecraft:interact_with_blast_furnace":10,"minecraft:walk_on_water_one_cm":32501,"minecraft:time_since_death":96300,"minecraft:sleep_in_bed":1,"minecraft:total_world_time":96300,"minecraft:fall_one_cm":3000}},"DataVersion":3465}