{"stats":{"minecraft:broken":{"minecraft:wooden_pickaxe":1},"minecraft:crafted":{"minecraft:stone_shovel":1,"minecraft:crafting_table":1,"minecraft:spruce_planks":256,"minecraft:stick":28,"minecraft:wooden_pickaxe":1,"minecraft:stone_pickaxe":1,"minecraft:chest":4,"minecraft:furnace":1,"minecraft:dried_kelp_block":2,"minecraft:stone_axe":1},"minecraft:used":{"minecraft:stone_shovel":34,"minecraft:stone_pickaxe":73,"minecraft:chest":4,"minecraft:spruce_planks":18,"minecraft:wooden_pickaxe":59,"minecraft:stone_axe":95,"minecraft:cobblestone":14,"minecraft:crafting_table":1,"minecraft:furnace":1,"minecraft:potato":3},"minecraft:mined":{"minecraft:seagrass":1,"minecraft:kelp_plant":15,"minecraft:spruce_log":64,"minecraft:granite":13,"minecraft:potatoes":1,"minecraft:coal_ore":3,"minecraft:copper_ore":7,"minecraft:cobblestone":4,"minecraft:spruce_leaves":54,"minecraft:stone":101,"minecraft:kelp":25,"minecraft:sugar_cane":6},"minecraft:picked_up":{"minecraft:stick":11,"minecraft:potato":5,"minecraft:dried_kelp":27,"minecraft:spruce_sapling":16,"minecraft:spruce_log":64,"minecraft:raw_copper":16,"minecraft:kelp":126,"artifacts:villager_hat":1,"minecraft:granite":10,"minecraft:sugar_cane":15,"minecraft:coal":3,"minecraft:cobblestone":105},"minecraft:custom":{"minecraft:time_since_rest":12994,"minecraft:interact_with_furnace":6,"minecraft:sprint_one_cm":8034,"minecraft:damage_taken":90,"minecraft:walk_one_cm":81040,"minecraft:interact_with_crafting_table":14,"minecraft:swim_one_cm":16933,"minecraft:fly_one_cm":10905,"minecraft:open_chest":2,"minecraft:crouch_one_cm":1089,"minecraft:play_time":24300,"minecraft:interact_with_campfire":31,"minecraft:sneak_time":412,"minecraft:walk_under_water_one_cm":8783,"minecraft:jump":164,"minecraft:walk_on_water_one_cm":8369,"minecraft:time_since_death":24300,"minecraft:sleep_in_bed":1,"minecraft:total_world_time":24300,"minecraft:fall_one_cm":1858}},"DataVersion":3465}