{"stats":{"minecraft:killed":{"minecraft:cave_spider":3,"minecraft:witch":2,"minecraft:spider":15,"minecraft:skeleton":41,"minecraft:bee":1,"minecraft:chicken":8,"minecraft:pig":5,"alexscaves:gammaroach":1,"minecraft:zombie_villager":1,"minecraft:creeper":3,"minecraft:sheep":58,"minecraft:pillager":2,"minecraft:zombie":97,"minecraft:stray":1,"minecraft:cow":39,"alexscaves:brainiac":1,"graveyard:revenant":3,"alexscaves:nucleeper":1,"minecraft:phantom":1,"minecraft:drowned":2,"graveyard:ghoul":9,"minecraft:bat":1,"minecraft:enderman":1},"minecraft:mined":{"create:deepslate_zinc_ore":21,"minecraft:spruce_planks":1,"minecraft:cobbled_deepslate_stairs":4,"minecraft:mossy_stone_brick_slab":1,"minecraft:cobblestone_stairs":4,"minecraft:spruce_trapdoor":5,"minecraft:granite":458,"minecraft:grass_block":126,"minecraft:deepslate_bricks":1,"minecraft:oxeye_daisy":1,"minecraft:orange_concrete":6,"minecraft:tall_seagrass":3,"minecraft:iron_ore":148,"minecraft:cobbled_deepslate":6,"graveyard:ossuary":1,"minecraft:pumpkin":1,"minecraft:deepslate_lapis_ore":18,"create:asurine":17,"minecraft:pointed_dripstone":1,"minecraft:polished_deepslate_slab":2,"minecraft:dirt_path":12,"minecraft:oak_stairs":2,"alexscaves:underweed":1,"minecraft:deepslate_brick_stairs":1,"minecraft:black_candle":1,"minecraft:tripwire":1,"minecraft:deepslate_redstone_ore":67,"minecraft:kelp_plant":17,"minecraft:powder_snow":29,"minecraft:clay":7,"minecraft:torch":40,"minecraft:calcite":4,"minecraft:chest":3,"minecraft:glass":3,"minecraft:cobblestone":40,"alexscaves:rusty_scaffolding":3,"minecraft:grindstone":1,"minecraft:oak_planks":4,"minecraft:sugar_cane":230,"minecraft:damaged_anvil":2,"minecraft:wall_torch":14,"minecraft:amethyst_block":1,"minecraft:deepslate_copper_ore":1,"minecraft:skeleton_skull":1,"minecraft:seagrass":9,"farmersdelight:sandy_shrub":2,"minecraft:blue_terracotta":7,"graveyard:oak_coffin":2,"minecraft:mud":3,"graveyard:tg_tuff":6,"minecraft:stone_brick_stairs":1,"minecraft:grass":32,"minecraft:oak_log":40,"minecraft:sand":223,"minecraft:dirt":1125,"minecraft:smooth_basalt":2,"minecraft:oak_leaves":42,"minecraft:deepslate":409,"minecraft:yellow_terracotta":2,"create:zinc_ore":87,"minecraft:tuff":26,"alexscaves:acidic_radrock":1,"minecraft:dead_bubble_coral":1,"minecraft:deepslate_diamond_ore":6,"alexscaves:radrock":107,"minecraft:glow_lichen":1,"minecraft:spruce_fence":1,"alexscaves:sulfur_cluster":1,"graveyard:tg_stone":3,"minecraft:spruce_leaves":181,"farmersdelight:wild_cabbages":9,"minecraft:moss_block":2,"minecraft:kelp":40,"minecraft:large_fern":12,"alexscaves:radrock_uranium_ore":76,"minecraft:oxidized_cut_copper":1,"minecraft:redstone_ore":6,"graveyard:tg_moss_block":2,"graveyard:tg_andesite":3,"minecraft:andesite":303,"minecraft:stripped_spruce_log":3,"graveyard:sarcophagus":4,"minecraft:potatoes":4,"minecraft:deepslate_iron_ore":60,"minecraft:rail":73,"minecraft:stone":2608,"minecraft:smithing_table":1,"minecraft:oak_slab":1,"travelersbackpack:standard":5,"minecraft:stone_brick_slab":2,"minecraft:spruce_door":2,"minecraft:polished_granite":1,"graveyard:small_light_gray_urn":1,"minecraft:oak_fence":2,"minecraft:crafting_table":2,"minecraft:cornflower":1,"minecraft:copper_ore":58,"minecraft:tall_grass":1,"graveyard:tg_grass_block":2,"minecraft:lapis_ore":10,"minecraft:deepslate_gold_ore":49,"minecraft:diorite":107,"minecraft:blue_bed":3,"minecraft:red_terracotta":8,"alexscaves:nuclear_siren":1,"graveyard:vase_block":2,"minecraft:sweet_berry_bush":8,"minecraft:spruce_log":118,"minecraft:birch_leaves":3,"minecraft:yellow_bed":1,"minecraft:coal_ore":812,"minecraft:gravel":201,"minecraft:dripstone_block":1,"minecraft:cobweb":65,"minecraft:cracked_stone_bricks":1,"minecraft:stone_bricks":2,"minecraft:gold_ore":3,"minecraft:fern":11},"minecraft:broken":{"minecraft:iron_shovel":2,"minecraft:leather_leggings":1,"minecraft:iron_boots":1,"minecraft:stone_pickaxe":23,"minecraft:stone_axe":1,"minecraft:iron_sword":1,"minecraft:bow":1,"minecraft:stone_shovel":5,"minecraft:wooden_pickaxe":1,"minecraft:shield":1,"minecraft:iron_pickaxe":8},"minecraft:killed_by":{"minecraft:creeper":2,"minecraft:drowned":1,"graveyard:skeleton_creeper":1,"minecraft:zombie":1,"alexscaves:brainiac":2,"minecraft:stray":1,"minecraft:enderman":1,"minecraft:skeleton":1},"minecraft:crafted":{"minecraft:oak_planks":136,"travelersbackpack:iron":1,"minecraft:cooked_chicken":2,"minecraft:stone":4,"minecraft:cobblestone_stairs":30,"minecraft:cooked_mutton":31,"minecraft:glass":206,"minecraft:iron_boots":4,"immersive_aircraft:hull":2,"minecraft:chest":14,"minecraft:dried_kelp_block":12,"minecraft:stone_hoe":1,"minecraft:map":3,"minecraft:crafting_table":7,"minecraft:spruce_planks":732,"minecraft:iron_helmet":4,"minecraft:baked_potato":517,"minecraft:wooden_pickaxe":1,"travelersbackpack:standard":2,"minecraft:spruce_door":6,"minecraft:copper_ingot":12,"immersive_aircraft:propeller":2,"minecraft:spruce_trapdoor":12,"minecraft:iron_chestplate":4,"minecraft:paper":111,"minecraft:shield":5,"minecraft:stick":352,"minecraft:iron_ingot":183,"minecraft:compass":3,"minecraft:iron_pickaxe":10,"minecraft:stone_sword":1,"minecraft:gold_ingot":35,"minecraft:stone_shovel":5,"minecraft:furnace":3,"minecraft:spruce_fence":21,"minecraft:white_carpet":3,"minecraft:spruce_stairs":32,"travelersbackpack:white_sleeping_bag":2,"minecraft:iron_axe":3,"minecraft:stone_pickaxe":24,"minecraft:cooked_beef":23,"minecraft:diamond_sword":1,"travelersbackpack:backpack_tank":4,"minecraft:iron_sword":7,"minecraft:stone_axe":2,"minecraft:air":0,"minecraft:iron_shovel":5,"minecraft:iron_leggings":3,"minecraft:stonecutter":1,"minecraft:torch":752},"minecraft:custom":{"minecraft:interact_with_crafting_table":217,"minecraft:open_barrel":12,"minecraft:leave_game":10,"minecraft:time_since_death":82853,"minecraft:sprint_one_cm":1115845,"minecraft:damage_blocked_by_shield":7360,"minecraft:drop":101,"minecraft:talked_to_villager":4,"minecraft:play_time":1101128,"minecraft:deaths":14,"minecraft:jump":10661,"minecraft:walk_on_water_one_cm":173707,"minecraft:interact_with_furnace":168,"minecraft:interact_with_cartography_table":10,"minecraft:interact_with_loom":9,"minecraft:sleep_in_bed":11,"minecraft:damage_dealt":50650,"minecraft:player_kills":7,"minecraft:crouch_one_cm":111824,"minecraft:interact_with_smoker":51,"minecraft:horse_one_cm":6058,"minecraft:interact_with_smithing_table":1,"minecraft:interact_with_anvil":1,"minecraft:mob_kills":305,"minecraft:interact_with_campfire":124,"minecraft:climb_one_cm":2330,"minecraft:walk_one_cm":4274829,"minecraft:sneak_time":37990,"minecraft:walk_under_water_one_cm":171504,"minecraft:interact_with_blast_furnace":18,"minecraft:total_world_time":1101128,"minecraft:interact_with_stonecutter":10,"minecraft:interact_with_grindstone":4,"minecraft:time_since_rest":63911,"minecraft:damage_taken":14769,"minecraft:swim_one_cm":495768,"minecraft:fly_one_cm":1306733,"minecraft:open_chest":573,"minecraft:fall_one_cm":319718},"minecraft:picked_up":{"minecraft:iron_chestplate":4,"alexscaves:waste_drum":10,"minecraft:smithing_table":1,"minecraft:oak_stairs":4,"minecraft:stone_brick_stairs":1,"minecraft:string":110,"minecraft:raw_copper":335,"minecraft:iron_leggings":3,"graveyard:sarcophagus":4,"minecraft:cobbled_deepslate":496,"farmersdelight:cabbage":2,"minecraft:spruce_planks":232,"minecraft:calcite":3,"alexscaves:cinder_block":12,"minecraft:iron_pickaxe":8,"farmersdelight:cabbage_seeds":18,"minecraft:iron_boots":2,"minecraft:stick":66,"minecraft:oak_fence":2,"minecraft:torch":719,"minecraft:porkchop":12,"minecraft:dried_kelp":117,"minecraft:pointed_dripstone":2,"minecraft:diorite":106,"minecraft:stone_sword":4,"minecraft:rotten_flesh":118,"artifacts:villager_hat":1,"create:asurine":17,"farmersdelight:rope":10,"minecraft:deepslate_brick_stairs":1,"minecraft:cod":3,"minecraft:snowball":46,"minecraft:cobblestone":3320,"minecraft:feather":11,"minecraft:cooked_beef":8,"farmersdelight:rice":6,"minecraft:andesite":301,"minecraft:brown_wool":2,"immersive_aircraft:warship":1,"minecraft:potato":18,"minecraft:flint":19,"create:raw_zinc":112,"minecraft:tuff":33,"minecraft:map":4,"minecraft:lapis_lazuli":166,"minecraft:dirt":1396,"minecraft:polished_granite":1,"minecraft:name_tag":1,"minecraft:glass":76,"minecraft:bone":113,"alexscaves:hazmat_mask":2,"minecraft:bow":5,"minecraft:wheat_seeds":11,"alexscaves:toxic_paste":14,"minecraft:raw_gold":58,"minecraft:grindstone":1,"create:goggles":2,"create:shaft":8,"minecraft:moss_block":6,"minecraft:stone_hoe":2,"minecraft:oak_planks":82,"minecraft:cooked_porkchop":4,"alexscaves:uranium":200,"minecraft:sand":253,"minecraft:stripped_spruce_log":3,"minecraft:lily_of_the_valley":2,"minecraft:red_terracotta":6,"minecraft:mossy_cobblestone":1,"alexscaves:radon_bottle":10,"graveyard:oak_coffin":2,"minecraft:white_candle":1,"minecraft:blue_terracotta":7,"minecraft:diamond":5,"minecraft:granite":645,"minecraft:bread":6,"minecraft:oak_sapling":5,"minecraft:mud":2,"minecraft:crafting_table":2,"minecraft:azure_bluet":2,"minecraft:clay_ball":48,"artifacts:night_vision_goggles":4,"minecraft:chicken":6,"alexscaves:cinder_brick":72,"minecraft:chest_minecart":2,"minecraft:leather_leggings":2,"minecraft:pink_wool":1,"minecraft:shield":9,"minecraft:cornflower":2,"minecraft:orange_concrete":4,"minecraft:iron_axe":2,"immersive_aircraft:biplane":12,"minecraft:iron_shovel":3,"graveyard:corruption":5,"minecraft:cracked_stone_bricks":1,"minecraft:beef":73,"minecraft:poppy":1,"minecraft:light_gray_wool":1,"minecraft:sugar_cane":501,"minecraft:chest":3,"minecraft:spruce_trapdoor":5,"minecraft:egg":9,"minecraft:raw_iron":206,"minecraft:polished_deepslate_slab":2,"minecraft:copper_ingot":2,"minecraft:spruce_fence":1,"minecraft:redstone":319,"minecraft:arrow":51,"minecraft:stone_shovel":1,"minecraft:deepslate_bricks":1,"minecraft:hay_block":5,"minecraft:rail":75,"minecraft:bone_block":1,"minecraft:glow_berries":6,"minecraft:mutton":84,"minecraft:skeleton_skull":1,"minecraft:white_wool":47,"minecraft:oxeye_daisy":1,"minecraft:glow_ink_sac":4,"alexscaves:sulfur_dust":16,"minecraft:leather":42,"minecraft:filled_map":5,"artifacts:onion_ring":1,"graveyard:small_light_gray_urn":1,"minecraft:oak_log":53,"minecraft:cobblestone_stairs":4,"minecraft:gunpowder":6,"minecraft:yellow_bed":1,"minecraft:cobbled_deepslate_stairs":4,"artifacts:cloud_in_a_bottle":4,"alexscaves:charred_remnant":1,"minecraft:blue_bed":3,"minecraft:paper":6,"minecraft:cooked_mutton":4,"minecraft:apple":1,"alexscaves:slam":3,"minecraft:kelp":158,"minecraft:iron_ingot":52,"alexscaves:radrock":156,"alexscaves:green_soylent":6,"minecraft:stone_pickaxe":2,"minecraft:cooked_chicken":2,"minecraft:cobweb":20,"travelersbackpack:coal":1,"minecraft:glass_bottle":2,"minecraft:iron_sword":6,"minecraft:oak_slab":1,"minecraft:smooth_basalt":2,"minecraft:black_candle":3,"minecraft:pumpkin":1,"minecraft:sweet_berries":72,"minecraft:stone_brick_slab":2,"graveyard:ossuary":1,"minecraft:dandelion":7,"minecraft:dripstone_block":1,"minecraft:gravel":253,"minecraft:spruce_sapling":31,"minecraft:spruce_log":155,"minecraft:spruce_door":6,"minecraft:spider_eye":3,"travelersbackpack:standard":6,"minecraft:pumpkin_seeds":6,"minecraft:stone_axe":4,"minecraft:iron_helmet":4,"alexscaves:rusty_scaffolding":3,"minecraft:gray_wool":2,"alexscaves:cave_map":3,"minecraft:baked_potato":85,"minecraft:damaged_anvil":2,"minecraft:black_wool":4,"minecraft:coal":860,"minecraft:ender_pearl":1},"minecraft:dropped":{"minecraft:moss_block":2,"minecraft:cooked_beef":3,"minecraft:oak_log":1,"travelersbackpack:standard":2,"artifacts:night_vision_goggles":1,"minecraft:dirt":28,"minecraft:cornflower":1,"minecraft:snowball":14,"alexscaves:slam":2,"create:goggles":2,"minecraft:gravel":119,"minecraft:cobbled_deepslate":1,"minecraft:pointed_dripstone":2,"minecraft:rotten_flesh":43,"minecraft:polished_granite":1,"minecraft:wheat_seeds":6,"minecraft:cobbled_deepslate_stairs":4,"minecraft:dripstone_block":1,"minecraft:oak_fence":2,"minecraft:feather":1,"minecraft:apple":1,"minecraft:granite":14,"minecraft:stick":2,"minecraft:oxeye_daisy":1,"minecraft:deepslate_brick_stairs":1,"minecraft:diorite":40,"minecraft:spruce_sapling":1,"minecraft:dandelion":7,"minecraft:redstone":1,"minecraft:kelp":1,"minecraft:sweet_berries":16,"minecraft:tuff":8,"minecraft:light_gray_wool":1,"minecraft:clay_ball":44,"minecraft:spruce_fence":1,"minecraft:pumpkin_seeds":4,"minecraft:lily_of_the_valley":2,"minecraft:deepslate_bricks":1,"minecraft:filled_map":1,"graveyard:small_light_gray_urn":1,"minecraft:spruce_planks":29,"minecraft:andesite":10,"minecraft:oak_sapling":1,"minecraft:spider_eye":2,"minecraft:stone_pickaxe":1,"alexscaves:charred_remnant":1},"minecraft:used":{"minecraft:moss_block":4,"minecraft:iron_shovel":702,"minecraft:chest":17,"minecraft:shield":161,"minecraft:stone":1,"minecraft:iron_sword":1209,"minecraft:rotten_flesh":7,"minecraft:iron_chestplate":2,"minecraft:mutton":3,"minecraft:tuff":4,"minecraft:snowball":32,"minecraft:glass":173,"minecraft:iron_helmet":2,"minecraft:stone_brick_stairs":1,"minecraft:bow":22,"minecraft:sweet_berries":69,"minecraft:furnace":3,"minecraft:egg":8,"immersive_aircraft:biplane":10,"minecraft:potato":13,"minecraft:diorite":3,"minecraft:leather_leggings":3,"minecraft:damaged_anvil":1,"minecraft:spruce_door":8,"minecraft:stone_pickaxe":3018,"minecraft:oak_planks":1,"minecraft:wooden_pickaxe":59,"minecraft:sugar_cane":64,"minecraft:blue_bed":1,"minecraft:sand":3,"alexscaves:cave_book":5,"minecraft:bread":18,"minecraft:string":1,"minecraft:diamond_sword":79,"minecraft:grindstone":1,"minecraft:stone_sword":116,"minecraft:orange_concrete":4,"minecraft:stone_shovel":691,"minecraft:spruce_planks":90,"immersive_aircraft:warship":1,"minecraft:cooked_chicken":2,"minecraft:stone_hoe":2,"minecraft:torch":458,"minecraft:dirt":421,"minecraft:spruce_stairs":18,"minecraft:granite":1,"minecraft:spruce_fence":21,"minecraft:stone_brick_slab":2,"minecraft:iron_axe":82,"minecraft:oak_stairs":2,"minecraft:iron_boots":3,"minecraft:smooth_basalt":2,"minecraft:cooked_beef":21,"minecraft:pumpkin":1,"minecraft:cobbled_deepslate":218,"minecraft:iron_leggings":4,"minecraft:calcite":3,"minecraft:cooked_mutton":31,"minecraft:cobblestone_stairs":197,"minecraft:glass_bottle":2,"minecraft:baked_potato":142,"travelersbackpack:coal":3,"minecraft:stonecutter":1,"minecraft:cracked_stone_bricks":1,"minecraft:mossy_cobblestone":1,"minecraft:oak_slab":1,"minecraft:crafting_table":8,"minecraft:cornflower":1,"alexscaves:slam":6,"minecraft:chicken":3,"minecraft:iron_pickaxe":2606,"minecraft:map":5,"alexscaves:spelunkie":3,"minecraft:spruce_trapdoor":17,"minecraft:spruce_sapling":5,"minecraft:stone_axe":197,"minecraft:cobblestone":1134,"minecraft:potion":2,"travelersbackpack:standard":3,"minecraft:porkchop":2,"minecraft:cooked_porkchop":1,"minecraft:yellow_bed":1,"minecraft:kelp":12,"alexscaves:radrock":86}},"DataVersion":3465}