{"stats":{"minecraft:killed_by":{"minecraft:creeper":1,"minecraft:enderman":1},"minecraft:crafted":{"minecraft:stone_shovel":5,"minecraft:furnace":1,"minecraft:stone":1,"minecraft:glass":173,"minecraft:spruce_stairs":32,"minecraft:iron_axe":1,"minecraft:stone_pickaxe":12,"minecraft:chest":4,"minecraft:dried_kelp_block":12,"minecraft:stone_hoe":1,"minecraft:map":2,"minecraft:crafting_table":2,"minecraft:spruce_planks":436,"minecraft:wooden_pickaxe":1,"minecraft:baked_potato":57,"minecraft:iron_sword":1,"minecraft:spruce_door":3,"minecraft:copper_ingot":12,"minecraft:stone_axe":1,"minecraft:air":0,"minecraft:spruce_trapdoor":12,"minecraft:paper":30,"minecraft:shield":1,"minecraft:stick":108,"minecraft:iron_ingot":2,"minecraft:compass":2,"minecraft:iron_pickaxe":4,"minecraft:stone_sword":1,"minecraft:iron_shovel":4,"minecraft:torch":240},"minecraft:mined":{"minecraft:spruce_planks":1,"minecraft:spruce_trapdoor":5,"minecraft:granite":427,"minecraft:grass_block":36,"minecraft:spruce_leaves":97,"minecraft:kelp":27,"minecraft:large_fern":4,"minecraft:tall_seagrass":1,"minecraft:redstone_ore":1,"minecraft:iron_ore":1,"minecraft:andesite":249,"minecraft:stripped_spruce_log":3,"minecraft:dirt_path":10,"minecraft:potatoes":4,"minecraft:stone":1446,"minecraft:tripwire":1,"minecraft:kelp_plant":16,"minecraft:spruce_door":2,"minecraft:torch":8,"minecraft:clay":6,"minecraft:chest":1,"minecraft:cobblestone":8,"minecraft:glass":3,"minecraft:copper_ore":43,"minecraft:sugar_cane":49,"minecraft:wall_torch":1,"minecraft:seagrass":7,"minecraft:spruce_log":111,"minecraft:coal_ore":90,"minecraft:oak_log":9,"minecraft:gravel":119,"minecraft:sand":183,"minecraft:dirt":1011,"minecraft:oak_leaves":11,"minecraft:fern":5},"minecraft:picked_up":{"artifacts:night_vision_goggles":1,"minecraft:clay_ball":44,"minecraft:shield":3,"minecraft:string":5,"minecraft:raw_copper":290,"minecraft:iron_axe":2,"immersive_aircraft:biplane":3,"minecraft:iron_shovel":3,"minecraft:spruce_planks":178,"minecraft:iron_pickaxe":3,"minecraft:sugar_cane":71,"minecraft:chest":1,"minecraft:spruce_trapdoor":5,"minecraft:raw_iron":1,"minecraft:stick":26,"minecraft:torch":524,"minecraft:dried_kelp":117,"minecraft:redstone":13,"minecraft:stone_shovel":1,"minecraft:stone_sword":4,"minecraft:arrow":5,"minecraft:rotten_flesh":16,"artifacts:villager_hat":1,"minecraft:cod":3,"minecraft:cobblestone":2093,"minecraft:andesite":246,"minecraft:potato":18,"minecraft:flint":13,"minecraft:oak_log":18,"minecraft:dirt":1070,"minecraft:paper":6,"minecraft:glass":76,"minecraft:bone":3,"minecraft:kelp":131,"minecraft:wheat_seeds":4,"minecraft:iron_ingot":1,"minecraft:stone_pickaxe":1,"create:goggles":2,"minecraft:stone_hoe":2,"minecraft:iron_sword":2,"minecraft:gravel":106,"minecraft:sand":217,"minecraft:stripped_spruce_log":3,"minecraft:spruce_sapling":24,"minecraft:spruce_log":140,"minecraft:spruce_door":6,"minecraft:stone_axe":2,"minecraft:granite":614,"minecraft:baked_potato":85,"minecraft:oak_sapling":4,"minecraft:coal":135},"minecraft:custom":{"minecraft:mob_kills":21,"minecraft:interact_with_crafting_table":74,"minecraft:interact_with_campfire":124,"minecraft:leave_game":1,"minecraft:time_since_death":4961,"minecraft:climb_one_cm":1062,"minecraft:sprint_one_cm":76244,"minecraft:walk_one_cm":1264939,"minecraft:damage_blocked_by_shield":980,"minecraft:drop":9,"minecraft:talked_to_villager":1,"minecraft:play_time":256597,"minecraft:deaths":4,"minecraft:sneak_time":2410,"minecraft:walk_under_water_one_cm":73903,"minecraft:jump":1351,"minecraft:interact_with_blast_furnace":16,"minecraft:walk_on_water_one_cm":53545,"minecraft:total_world_time":256597,"minecraft:interact_with_furnace":87,"minecraft:interact_with_cartography_table":2,"minecraft:sleep_in_bed":7,"minecraft:time_since_rest":2312,"minecraft:damage_taken":2070,"minecraft:damage_dealt":3917,"minecraft:fly_one_cm":92088,"minecraft:swim_one_cm":52330,"minecraft:open_chest":108,"minecraft:crouch_one_cm":6914,"minecraft:interact_with_smoker":9,"minecraft:fall_one_cm":14454},"minecraft:used":{"minecraft:stone_sword":116,"minecraft:iron_shovel":693,"minecraft:stone_shovel":691,"minecraft:spruce_planks":39,"minecraft:chest":7,"minecraft:shield":25,"minecraft:stone":1,"minecraft:iron_sword":25,"minecraft:stone_hoe":2,"minecraft:torch":50,"minecraft:dirt":249,"minecraft:spruce_stairs":18,"minecraft:glass":173,"minecraft:iron_axe":82,"minecraft:furnace":1,"immersive_aircraft:biplane":3,"minecraft:potato":13,"minecraft:spruce_door":5,"minecraft:stone_pickaxe":1441,"minecraft:baked_potato":20,"minecraft:wooden_pickaxe":59,"minecraft:sugar_cane":23,"minecraft:crafting_table":2,"minecraft:string":1,"minecraft:bread":4,"minecraft:iron_pickaxe":771,"minecraft:map":2,"minecraft:spruce_trapdoor":17,"minecraft:stone_axe":139,"minecraft:cobblestone":201,"minecraft:kelp":11},"minecraft:dropped":{"artifacts:night_vision_goggles":1,"create:goggles":2,"minecraft:kelp":1,"minecraft:rotten_flesh":4,"minecraft:clay_ball":40,"minecraft:filled_map":1},"minecraft:killed":{"minecraft:spider":1,"minecraft:phantom":1,"minecraft:skeleton":1,"minecraft:drowned":1,"minecraft:pillager":2,"minecraft:zombie":13},"minecraft:broken":{"minecraft:iron_shovel":2,"minecraft:wooden_pickaxe":1,"minecraft:stone_pickaxe":11,"minecraft:stone_axe":1,"minecraft:iron_pickaxe":3,"minecraft:stone_shovel":5}},"DataVersion":3465}