{"stats":{"minecraft:picked_up":{"minecraft:clay_ball":4,"minecraft:andesite":246,"minecraft:potato":18,"minecraft:flint":13,"minecraft:dirt":728,"minecraft:raw_copper":231,"minecraft:glass":76,"minecraft:bone":1,"minecraft:kelp":128,"minecraft:wheat_seeds":2,"minecraft:spruce_planks":67,"minecraft:stone_pickaxe":1,"create:goggles":2,"minecraft:sugar_cane":15,"minecraft:chest":1,"minecraft:stone_hoe":1,"minecraft:stick":21,"minecraft:raw_iron":1,"minecraft:torch":15,"minecraft:gravel":106,"minecraft:sand":93,"minecraft:dried_kelp":117,"minecraft:spruce_sapling":16,"minecraft:spruce_log":68,"minecraft:spruce_door":4,"minecraft:stone_sword":1,"minecraft:arrow":1,"minecraft:rotten_flesh":4,"minecraft:stone_shovel":1,"minecraft:stone_axe":1,"artifacts:villager_hat":1,"minecraft:granite":614,"minecraft:baked_potato":7,"minecraft:coal":133,"minecraft:cobblestone":1511},"minecraft:used":{"minecraft:stone_sword":49,"minecraft:iron_shovel":250,"minecraft:spruce_door":3,"minecraft:stone_shovel":691,"minecraft:stone_pickaxe":1441,"minecraft:baked_potato":8,"minecraft:chest":7,"minecraft:spruce_planks":18,"minecraft:wooden_pickaxe":59,"minecraft:stone":1,"minecraft:stone_hoe":2,"minecraft:torch":27,"minecraft:dirt":237,"minecraft:crafting_table":1,"minecraft:spruce_stairs":8,"minecraft:glass":76,"minecraft:bread":2,"minecraft:iron_pickaxe":500,"minecraft:stone_axe":97,"minecraft:cobblestone":120,"minecraft:furnace":1,"minecraft:potato":13,"minecraft:kelp":11},"minecraft:broken":{"minecraft:stone_pickaxe":11,"minecraft:iron_shovel":1,"minecraft:iron_pickaxe":2,"minecraft:stone_shovel":5,"minecraft:wooden_pickaxe":1},"minecraft:dropped":{"minecraft:rotten_flesh":4,"create:goggles":2},"minecraft:killed":{"minecraft:phantom":1,"minecraft:skeleton":1,"minecraft:zombie":3},"minecraft:killed_by":{"minecraft:creeper":1},"minecraft:crafted":{"minecraft:stone_shovel":5,"minecraft:crafting_table":1,"minecraft:spruce_planks":264,"minecraft:wooden_pickaxe":1,"minecraft:baked_potato":8,"minecraft:spruce_door":3,"minecraft:furnace":1,"minecraft:copper_ingot":7,"minecraft:stone":1,"minecraft:stone_axe":1,"minecraft:air":0,"minecraft:glass":76,"minecraft:spruce_stairs":8,"minecraft:stick":108,"minecraft:iron_ingot":2,"minecraft:iron_pickaxe":2,"minecraft:stone_pickaxe":12,"minecraft:stone_sword":1,"minecraft:chest":4,"minecraft:iron_shovel":1,"minecraft:dried_kelp_block":12,"minecraft:torch":240,"minecraft:stone_hoe":1},"minecraft:mined":{"minecraft:kelp_plant":15,"minecraft:clay":1,"minecraft:torch":5,"minecraft:granite":427,"minecraft:grass_block":19,"minecraft:chest":1,"minecraft:glass":3,"minecraft:copper_ore":43,"minecraft:cobblestone":7,"minecraft:spruce_leaves":54,"minecraft:sugar_cane":6,"minecraft:kelp":27,"minecraft:seagrass":2,"minecraft:iron_ore":1,"minecraft:spruce_log":64,"minecraft:andesite":249,"minecraft:potatoes":4,"minecraft:coal_ore":88,"minecraft:dirt_path":10,"minecraft:gravel":119,"minecraft:sand":91,"minecraft:dirt":686,"minecraft:stone":1179},"minecraft:custom":{"minecraft:interact_with_furnace":56,"minecraft:mob_kills":5,"minecraft:interact_with_crafting_table":49,"minecraft:interact_with_campfire":124,"minecraft:time_since_death":54196,"minecraft:sleep_in_bed":3,"minecraft:time_since_rest":44068,"minecraft:sprint_one_cm":35871,"minecraft:damage_taken":690,"minecraft:walk_one_cm":718193,"minecraft:drop":4,"minecraft:damage_dealt":1048,"minecraft:swim_one_cm":28966,"minecraft:talked_to_villager":1,"minecraft:fly_one_cm":41452,"minecraft:open_chest":46,"minecraft:crouch_one_cm":3666,"minecraft:play_time":158110,"minecraft:sneak_time":1425,"minecraft:deaths":1,"minecraft:walk_under_water_one_cm":57990,"minecraft:jump":754,"minecraft:interact_with_blast_furnace":12,"minecraft:walk_on_water_one_cm":35087,"minecraft:interact_with_smoker":5,"minecraft:total_world_time":158110,"minecraft:fall_one_cm":5885}},"DataVersion":3465}