{"stats":{"minecraft:killed_by":{"minecraft:creeper":1,"minecraft:enderman":1,"minecraft:drowned":1,"minecraft:zombie":1},"minecraft:crafted":{"minecraft:stone_shovel":5,"minecraft:cooked_chicken":2,"minecraft:furnace":2,"minecraft:cobblestone_stairs":30,"minecraft:stone":4,"minecraft:spruce_fence":21,"minecraft:white_carpet":3,"minecraft:cooked_mutton":2,"minecraft:glass":193,"minecraft:spruce_stairs":32,"travelersbackpack:white_sleeping_bag":1,"minecraft:iron_boots":1,"minecraft:iron_axe":1,"immersive_aircraft:hull":2,"minecraft:stone_pickaxe":20,"minecraft:chest":11,"minecraft:dried_kelp_block":12,"minecraft:stone_hoe":1,"minecraft:cooked_beef":18,"travelersbackpack:standard":1,"travelersbackpack:backpack_tank":2,"minecraft:map":3,"minecraft:crafting_table":4,"minecraft:spruce_planks":732,"minecraft:baked_potato":112,"minecraft:wooden_pickaxe":1,"minecraft:iron_helmet":1,"minecraft:iron_sword":2,"minecraft:spruce_door":3,"minecraft:copper_ingot":12,"minecraft:stone_axe":1,"immersive_aircraft:propeller":2,"minecraft:air":0,"minecraft:spruce_trapdoor":12,"minecraft:iron_chestplate":1,"minecraft:paper":48,"minecraft:shield":2,"minecraft:stick":188,"minecraft:iron_ingot":66,"minecraft:compass":3,"minecraft:iron_pickaxe":5,"minecraft:gold_ingot":2,"minecraft:stone_sword":1,"minecraft:iron_shovel":4,"minecraft:iron_leggings":1,"minecraft:stonecutter":1,"minecraft:torch":372},"minecraft:picked_up":{"minecraft:crafting_table":1,"minecraft:iron_chestplate":2,"artifacts:night_vision_goggles":1,"minecraft:chicken":2,"minecraft:clay_ball":44,"minecraft:leather_leggings":1,"minecraft:oak_stairs":2,"minecraft:shield":5,"minecraft:string":15,"minecraft:raw_copper":335,"minecraft:iron_axe":2,"immersive_aircraft:biplane":8,"graveyard:sarcophagus":2,"minecraft:iron_leggings":2,"minecraft:iron_shovel":3,"minecraft:cobbled_deepslate":450,"farmersdelight:cabbage":2,"minecraft:spruce_planks":203,"minecraft:beef":29,"minecraft:iron_pickaxe":6,"minecraft:sugar_cane":417,"minecraft:chest":2,"minecraft:spruce_trapdoor":5,"farmersdelight:cabbage_seeds":18,"minecraft:iron_boots":2,"minecraft:egg":2,"minecraft:stick":39,"minecraft:raw_iron":84,"minecraft:copper_ingot":2,"minecraft:torch":527,"minecraft:spruce_fence":1,"minecraft:porkchop":4,"minecraft:dried_kelp":117,"minecraft:diorite":66,"minecraft:redstone":241,"minecraft:stone_sword":4,"minecraft:rotten_flesh":55,"minecraft:arrow":15,"minecraft:stone_shovel":1,"artifacts:villager_hat":1,"minecraft:hay_block":5,"minecraft:bone_block":1,"minecraft:snowball":30,"minecraft:mutton":32,"minecraft:cod":3,"minecraft:white_wool":18,"minecraft:cobblestone":2664,"minecraft:feather":7,"minecraft:cooked_beef":7,"minecraft:andesite":261,"minecraft:brown_wool":1,"minecraft:leather":17,"minecraft:blue_bed":2,"minecraft:potato":18,"minecraft:filled_map":2,"minecraft:flint":16,"minecraft:tuff":21,"create:raw_zinc":4,"minecraft:oak_log":22,"minecraft:cobblestone_stairs":1,"minecraft:paper":6,"minecraft:map":4,"minecraft:lapis_lazuli":127,"minecraft:dirt":1214,"minecraft:cooked_mutton":2,"minecraft:glass":76,"minecraft:bone":34,"minecraft:kelp":157,"minecraft:bow":1,"minecraft:wheat_seeds":8,"minecraft:raw_gold":35,"minecraft:grindstone":1,"minecraft:iron_ingot":32,"minecraft:stone_pickaxe":2,"minecraft:cooked_chicken":2,"minecraft:cobweb":9,"create:goggles":2,"minecraft:moss_block":1,"minecraft:stone_hoe":2,"minecraft:iron_sword":4,"minecraft:oak_planks":1,"minecraft:pumpkin":1,"minecraft:sweet_berries":70,"minecraft:gravel":125,"minecraft:sand":237,"minecraft:stripped_spruce_log":3,"minecraft:spruce_sapling":28,"minecraft:spruce_log":155,"minecraft:spruce_door":6,"minecraft:spider_eye":1,"minecraft:mossy_cobblestone":1,"minecraft:white_candle":1,"minecraft:diamond":2,"minecraft:stone_axe":2,"minecraft:iron_helmet":2,"minecraft:granite":631,"minecraft:gray_wool":2,"minecraft:baked_potato":85,"minecraft:oak_sapling":4,"minecraft:coal":379},"minecraft:mined":{"create:zinc_ore":2,"minecraft:tuff":14,"minecraft:spruce_planks":1,"minecraft:dead_bubble_coral":1,"minecraft:deepslate_diamond_ore":2,"minecraft:cobblestone_stairs":1,"minecraft:glow_lichen":1,"minecraft:spruce_trapdoor":5,"minecraft:granite":444,"minecraft:spruce_fence":1,"minecraft:grass_block":54,"graveyard:tg_stone":2,"farmersdelight:wild_cabbages":9,"minecraft:spruce_leaves":122,"minecraft:kelp":39,"minecraft:large_fern":7,"minecraft:tall_seagrass":1,"minecraft:redstone_ore":6,"minecraft:iron_ore":53,"minecraft:cobbled_deepslate":5,"graveyard:tg_andesite":3,"minecraft:andesite":265,"minecraft:pumpkin":1,"minecraft:stripped_spruce_log":3,"minecraft:deepslate_lapis_ore":11,"graveyard:sarcophagus":2,"minecraft:potatoes":4,"minecraft:dirt_path":12,"minecraft:deepslate_iron_ore":33,"minecraft:stone":1987,"minecraft:tripwire":1,"minecraft:deepslate_redstone_ore":44,"minecraft:kelp_plant":17,"minecraft:polished_granite":1,"minecraft:powder_snow":13,"minecraft:crafting_table":1,"minecraft:spruce_door":2,"minecraft:clay":6,"minecraft:torch":8,"minecraft:chest":2,"minecraft:tall_grass":1,"minecraft:copper_ore":58,"minecraft:glass":3,"minecraft:cobblestone":18,"minecraft:deepslate_gold_ore":34,"minecraft:lapis_ore":10,"minecraft:grindstone":1,"minecraft:sugar_cane":186,"minecraft:blue_bed":2,"minecraft:diorite":65,"minecraft:wall_torch":1,"minecraft:deepslate_copper_ore":1,"minecraft:seagrass":8,"farmersdelight:sandy_shrub":2,"graveyard:vase_block":2,"minecraft:sweet_berry_bush":8,"minecraft:spruce_log":118,"graveyard:tg_tuff":5,"minecraft:grass":6,"minecraft:oak_log":9,"minecraft:coal_ore":326,"minecraft:dripstone_block":1,"minecraft:gravel":142,"minecraft:sand":204,"minecraft:dirt":1065,"minecraft:cobweb":1,"minecraft:gold_ore":1,"minecraft:oak_leaves":21,"minecraft:deepslate":367,"minecraft:fern":9},"minecraft:custom":{"minecraft:mob_kills":126,"minecraft:interact_with_crafting_table":151,"minecraft:interact_with_campfire":124,"minecraft:leave_game":4,"minecraft:time_since_death":64021,"minecraft:climb_one_cm":2062,"minecraft:sprint_one_cm":367208,"minecraft:walk_one_cm":2446991,"minecraft:damage_blocked_by_shield":4020,"minecraft:drop":26,"minecraft:talked_to_villager":2,"minecraft:play_time":557797,"minecraft:sneak_time":13696,"minecraft:deaths":7,"minecraft:walk_under_water_one_cm":127704,"minecraft:jump":4025,"minecraft:interact_with_blast_furnace":18,"minecraft:walk_on_water_one_cm":106986,"minecraft:total_world_time":557797,"minecraft:interact_with_furnace":137,"minecraft:interact_with_cartography_table":5,"minecraft:interact_with_loom":1,"minecraft:interact_with_grindstone":1,"minecraft:interact_with_stonecutter":6,"minecraft:sleep_in_bed":8,"minecraft:time_since_rest":64058,"minecraft:damage_taken":6232,"minecraft:damage_dealt":20892,"minecraft:swim_one_cm":209105,"minecraft:fly_one_cm":326112,"minecraft:open_chest":326,"minecraft:crouch_one_cm":37434,"minecraft:interact_with_smoker":16,"minecraft:fall_one_cm":57167,"minecraft:horse_one_cm":1487},"minecraft:used":{"minecraft:stone_sword":116,"minecraft:iron_shovel":693,"minecraft:stone_shovel":691,"minecraft:chest":14,"minecraft:spruce_planks":64,"minecraft:shield":82,"minecraft:iron_sword":451,"minecraft:stone":1,"minecraft:cooked_chicken":2,"minecraft:rotten_flesh":5,"minecraft:stone_hoe":2,"minecraft:iron_chestplate":1,"minecraft:torch":185,"minecraft:dirt":319,"minecraft:spruce_stairs":18,"minecraft:snowball":16,"minecraft:tuff":4,"minecraft:granite":1,"minecraft:spruce_fence":21,"minecraft:glass":173,"minecraft:iron_axe":82,"minecraft:iron_boots":1,"minecraft:bow":14,"minecraft:sweet_berries":66,"minecraft:furnace":2,"minecraft:egg":1,"minecraft:potato":13,"immersive_aircraft:biplane":7,"minecraft:cooked_beef":17,"minecraft:cobbled_deepslate":214,"minecraft:pumpkin":1,"minecraft:iron_leggings":2,"minecraft:cooked_mutton":2,"minecraft:diorite":3,"minecraft:leather_leggings":1,"minecraft:cobblestone_stairs":86,"minecraft:spruce_door":5,"minecraft:stone_pickaxe":2447,"minecraft:baked_potato":46,"minecraft:wooden_pickaxe":59,"minecraft:sugar_cane":64,"minecraft:stonecutter":1,"minecraft:mossy_cobblestone":1,"minecraft:crafting_table":4,"minecraft:iron_pickaxe":1272,"minecraft:map":3,"minecraft:bread":6,"minecraft:string":1,"minecraft:spruce_trapdoor":17,"minecraft:spruce_sapling":3,"minecraft:stone_axe":139,"minecraft:cobblestone":469,"minecraft:grindstone":1,"minecraft:kelp":11},"minecraft:dropped":{"minecraft:moss_block":1,"minecraft:wheat_seeds":3,"minecraft:oak_log":1,"minecraft:feather":1,"minecraft:stick":2,"artifacts:night_vision_goggles":1,"minecraft:dirt":9,"minecraft:snowball":14,"create:goggles":2,"minecraft:kelp":1,"minecraft:sweet_berries":16,"minecraft:tuff":5,"minecraft:rotten_flesh":13,"minecraft:clay_ball":40,"minecraft:spruce_fence":1,"minecraft:filled_map":1,"minecraft:andesite":2,"minecraft:stone_pickaxe":1},"minecraft:killed":{"minecraft:spider":9,"minecraft:phantom":1,"minecraft:skeleton":15,"minecraft:chicken":2,"minecraft:drowned":2,"minecraft:pig":2,"graveyard:ghoul":4,"minecraft:bat":1,"minecraft:sheep":22,"minecraft:pillager":2,"minecraft:zombie":49,"minecraft:cow":13},"minecraft:broken":{"minecraft:iron_shovel":2,"minecraft:wooden_pickaxe":1,"minecraft:stone_pickaxe":18,"minecraft:shield":1,"minecraft:stone_axe":1,"minecraft:iron_pickaxe":5,"minecraft:bow":1,"minecraft:stone_shovel":5}},"DataVersion":3465}