{"stats":{"minecraft:broken":{"minecraft:stone_pickaxe":7,"minecraft:iron_pickaxe":1,"minecraft:stone_shovel":3,"minecraft:wooden_pickaxe":1},"minecraft:crafted":{"minecraft:stone_shovel":5,"minecraft:crafting_table":1,"minecraft:spruce_planks":256,"minecraft:wooden_pickaxe":1,"minecraft:baked_potato":8,"minecraft:spruce_door":3,"minecraft:furnace":1,"minecraft:copper_ingot":7,"minecraft:stone":1,"minecraft:stone_axe":1,"minecraft:air":0,"minecraft:glass":76,"minecraft:spruce_stairs":8,"minecraft:stick":28,"minecraft:iron_ingot":2,"minecraft:iron_pickaxe":1,"minecraft:stone_pickaxe":9,"minecraft:stone_sword":1,"minecraft:chest":4,"minecraft:dried_kelp_block":12,"minecraft:stone_hoe":1},"minecraft:dropped":{"minecraft:rotten_flesh":4,"create:goggles":1},"minecraft:used":{"minecraft:stone_sword":49,"minecraft:spruce_door":3,"minecraft:stone_shovel":429,"minecraft:stone_pickaxe":945,"minecraft:baked_potato":6,"minecraft:spruce_planks":18,"minecraft:chest":4,"minecraft:wooden_pickaxe":59,"minecraft:stone":1,"minecraft:stone_hoe":2,"minecraft:torch":3,"minecraft:dirt":236,"minecraft:crafting_table":1,"minecraft:spruce_stairs":8,"minecraft:glass":76,"minecraft:iron_pickaxe":250,"minecraft:stone_axe":96,"minecraft:cobblestone":17,"minecraft:furnace":1,"minecraft:potato":13,"minecraft:kelp":11},"minecraft:killed":{"minecraft:phantom":1,"minecraft:skeleton":1,"minecraft:zombie":3},"minecraft:mined":{"minecraft:kelp_plant":15,"minecraft:clay":1,"minecraft:granite":427,"minecraft:grass_block":12,"minecraft:glass":3,"minecraft:copper_ore":43,"minecraft:cobblestone":7,"minecraft:spruce_leaves":54,"minecraft:sugar_cane":6,"minecraft:kelp":27,"minecraft:seagrass":2,"minecraft:spruce_log":64,"minecraft:andesite":249,"minecraft:potatoes":4,"minecraft:coal_ore":63,"minecraft:dirt_path":10,"minecraft:gravel":69,"minecraft:sand":91,"minecraft:dirt":230,"minecraft:stone":460},"minecraft:picked_up":{"minecraft:clay_ball":4,"minecraft:andesite":245,"minecraft:potato":18,"minecraft:flint":8,"minecraft:dirt":274,"minecraft:raw_copper":231,"minecraft:glass":76,"minecraft:bone":1,"minecraft:kelp":128,"minecraft:wheat_seeds":2,"minecraft:spruce_planks":67,"minecraft:stone_pickaxe":1,"create:goggles":1,"minecraft:sugar_cane":15,"minecraft:stone_hoe":1,"minecraft:stick":21,"minecraft:torch":10,"minecraft:gravel":61,"minecraft:sand":93,"minecraft:dried_kelp":117,"minecraft:spruce_sapling":16,"minecraft:spruce_log":68,"minecraft:spruce_door":4,"minecraft:arrow":1,"minecraft:stone_sword":1,"minecraft:stone_shovel":1,"minecraft:rotten_flesh":4,"minecraft:stone_axe":1,"artifacts:villager_hat":1,"minecraft:granite":614,"minecraft:baked_potato":7,"minecraft:coal":108,"minecraft:cobblestone":795},"minecraft:killed_by":{"minecraft:creeper":1},"minecraft:custom":{"minecraft:interact_with_furnace":51,"minecraft:mob_kills":5,"minecraft:interact_with_crafting_table":42,"minecraft:interact_with_campfire":124,"minecraft:time_since_death":16386,"minecraft:sleep_in_bed":3,"minecraft:time_since_rest":6258,"minecraft:sprint_one_cm":32389,"minecraft:damage_taken":600,"minecraft:walk_one_cm":468997,"minecraft:drop":3,"minecraft:damage_dealt":1048,"minecraft:talked_to_villager":1,"minecraft:swim_one_cm":28966,"minecraft:fly_one_cm":36129,"minecraft:open_chest":29,"minecraft:crouch_one_cm":2410,"minecraft:play_time":120300,"minecraft:deaths":1,"minecraft:sneak_time":1062,"minecraft:walk_under_water_one_cm":57990,"minecraft:jump":645,"minecraft:interact_with_blast_furnace":10,"minecraft:walk_on_water_one_cm":34804,"minecraft:total_world_time":120300,"minecraft:interact_with_smoker":5,"minecraft:fall_one_cm":3807}},"DataVersion":3465}