{"stats":{"minecraft:killed_by":{"minecraft:zombie":1,"alexscaves:brainiac":2},"minecraft:crafted":{"minecraft:oak_planks":4,"minecraft:cooked_chicken":1,"create:cogwheel":2,"create:depot":1,"minecraft:cooked_porkchop":16,"minecraft:crafting_table":1,"minecraft:spruce_planks":36,"minecraft:wooden_pickaxe":2,"minecraft:copper_ingot":64,"create:mechanical_mixer":1,"minecraft:paper":12,"minecraft:shield":1,"minecraft:stick":24,"minecraft:iron_ingot":4,"minecraft:iron_pickaxe":1,"minecraft:stone_sword":2,"create:wrench":1,"minecraft:leather_boots":1,"minecraft:iron_nugget":18,"minecraft:furnace":2,"alexscaves:cave_map":1,"minecraft:stone_pickaxe":2,"create:basin":1,"minecraft:cooked_beef":9,"create:andesite_alloy":10,"minecraft:enchanting_table":1,"minecraft:stone_axe":1,"minecraft:bread":2,"minecraft:air":0,"create:whisk":1,"minecraft:torch":36,"create:zinc_ingot":12},"minecraft:mined":{"minecraft:spruce_planks":2,"create:andesite_casing":2,"minecraft:obsidian":8,"minecraft:spruce_trapdoor":2,"travelersbackpack:red_sleeping_bag":2,"minecraft:grass_block":12,"alexscaves:sulfur":3,"minecraft:smooth_stone":1,"minecraft:mossy_cobblestone_stairs":1,"minecraft:iron_ore":10,"minecraft:cobbled_deepslate":2,"graveyard:ossuary":2,"minecraft:dirt_path":2,"minecraft:oak_stairs":4,"minecraft:deepslate_brick_stairs":1,"minecraft:tripwire":2,"minecraft:kelp_plant":3,"graveyard:fire_brazier":1,"minecraft:torch":1,"minecraft:blast_furnace":1,"minecraft:cobblestone":6,"minecraft:sugar_cane":5,"minecraft:oak_planks":4,"minecraft:seagrass":1,"create:basin":2,"minecraft:mud":10,"minecraft:wheat":19,"create:mechanical_mixer":1,"graveyard:skull_pile":1,"minecraft:grass":3,"minecraft:oak_log":5,"minecraft:sand":2,"minecraft:dirt":23,"alexscaves:unrefined_waste":3,"minecraft:oak_leaves":6,"create:zinc_ore":13,"alexscaves:spelunkery_table":1,"minecraft:mossy_cobblestone":2,"alexscaves:radrock":110,"alexscaves:sulfur_cluster":4,"graveyard:tg_deepslate":1,"create:depot":1,"minecraft:spruce_leaves":7,"minecraft:kelp":6,"minecraft:large_fern":1,"minecraft:hay_block":5,"alexscaves:radrock_uranium_ore":18,"minecraft:furnace":3,"minecraft:andesite":44,"minecraft:potatoes":1,"minecraft:stone":258,"minecraft:oak_fence":4,"minecraft:crafting_table":5,"alexscaves:uranium_rod":4,"minecraft:copper_ore":81,"minecraft:diorite":13,"minecraft:sweet_berry_bush":15,"minecraft:spruce_log":9,"alexscaves:waste_drum":1,"minecraft:coal_ore":37,"minecraft:gravel":1,"minecraft:stone_bricks":2,"minecraft:fern":1},"minecraft:picked_up":{"minecraft:iron_chestplate":1,"alexscaves:waste_drum":1,"minecraft:wheat":55,"alexscaves:unrefined_waste":1,"minecraft:oak_stairs":2,"minecraft:string":15,"minecraft:raw_copper":292,"minecraft:iron_leggings":1,"minecraft:cobbled_deepslate":4,"minecraft:smooth_stone":1,"farmersdelight:cabbage":1,"minecraft:spruce_planks":23,"artifacts:aqua_dashers":2,"minecraft:iron_boots":1,"minecraft:furnace":3,"minecraft:tipped_arrow":1,"minecraft:stick":12,"create:mechanical_mixer":2,"alexscaves:acid_bucket":2,"minecraft:oak_fence":4,"minecraft:torch":71,"create:andesite_casing":2,"minecraft:porkchop":16,"minecraft:dried_kelp":8,"minecraft:diorite":37,"create:large_cogwheel":2,"minecraft:rotten_flesh":33,"minecraft:blaze_rod":2,"minecraft:deepslate_brick_stairs":1,"minecraft:obsidian":7,"minecraft:cobblestone":271,"minecraft:feather":1,"minecraft:andesite":47,"immersive_aircraft:warship":1,"minecraft:potato":37,"create:raw_zinc":25,"minecraft:dirt":57,"minecraft:bone":28,"alexscaves:hazmat_mask":1,"minecraft:bow":2,"minecraft:wheat_seeds":66,"immersive_aircraft:industrial_gears":2,"create:goggles":2,"minecraft:rabbit":6,"minecraft:oak_planks":2,"graveyard:fire_brazier":1,"minecraft:cooked_porkchop":3,"alexscaves:uranium":18,"minecraft:sand":2,"minecraft:mossy_cobblestone":1,"minecraft:bone_meal":2,"immersive_aircraft:quadrocopter":1,"minecraft:oak_sapling":2,"minecraft:diamond_pickaxe":1,"minecraft:mud":27,"minecraft:crafting_table":7,"minecraft:chicken":2,"minecraft:shield":3,"immersive_aircraft:biplane":9,"minecraft:compass":1,"graveyard:corruption":3,"minecraft:beef":9,"create:basin":3,"alexscaves:hazmat_chestplate":1,"minecraft:sugar_cane":13,"minecraft:birch_sapling":1,"minecraft:spruce_trapdoor":2,"minecraft:phantom_membrane":3,"minecraft:egg":1,"minecraft:raw_iron":10,"minecraft:copper_ingot":62,"minecraft:recovery_compass":64,"create:hand_crank":2,"minecraft:carrot":1,"create:zinc_ingot":2,"minecraft:arrow":21,"alexscaves:spelunkery_table":1,"create:depot":1,"artifacts:eternal_steak":1,"alexscaves:sulfur_dust":20,"minecraft:salmon":3,"minecraft:leather":4,"minecraft:oak_log":3,"create:andesite_alloy":4,"artifacts:cloud_in_a_bottle":2,"minecraft:gunpowder":4,"create:blaze_burner":1,"minecraft:paper":6,"minecraft:stone_bricks":2,"minecraft:kelp":11,"minecraft:rabbit_hide":2,"alexscaves:radrock":151,"minecraft:iron_sword":4,"minecraft:sweet_berries":76,"alexscaves:fissile_core":3,"graveyard:ossuary":2,"minecraft:gravel":1,"minecraft:spruce_sapling":4,"minecraft:blast_furnace":1,"minecraft:spruce_log":11,"alexscaves:uranium_rod":4,"minecraft:pumpkin_seeds":1,"minecraft:slime_ball":27,"create:brass_ingot":1,"minecraft:iron_helmet":1,"minecraft:mossy_cobblestone_stairs":1,"minecraft:baked_potato":3,"minecraft:coal":164},"minecraft:custom":{"minecraft:interact_with_crafting_table":35,"minecraft:open_barrel":10,"minecraft:leave_game":7,"minecraft:time_since_death":114102,"minecraft:sprint_one_cm":762743,"minecraft:damage_blocked_by_shield":1700,"minecraft:drop":199,"minecraft:play_time":772671,"minecraft:deaths":3,"minecraft:jump":9616,"minecraft:walk_on_water_one_cm":86971,"minecraft:interact_with_furnace":32,"minecraft:interact_with_cartography_table":3,"minecraft:interact_with_loom":4,"minecraft:sleep_in_bed":7,"minecraft:damage_dealt":23480,"minecraft:player_kills":9,"minecraft:crouch_one_cm":34065,"minecraft:interact_with_smoker":6,"minecraft:mob_kills":123,"minecraft:interact_with_campfire":3,"minecraft:climb_one_cm":2807,"minecraft:walk_one_cm":1260781,"minecraft:sneak_time":13455,"minecraft:walk_under_water_one_cm":64179,"minecraft:interact_with_blast_furnace":5,"minecraft:total_world_time":772671,"minecraft:time_since_rest":27816,"minecraft:damage_taken":6358,"minecraft:swim_one_cm":230902,"minecraft:fly_one_cm":3827455,"minecraft:open_chest":121,"minecraft:fall_one_cm":619521},"minecraft:used":{"minecraft:ladder":20,"farmersdelight:cabbage_seeds":1,"minecraft:shield":53,"minecraft:iron_sword":320,"minecraft:rotten_flesh":2,"minecraft:iron_chestplate":3,"immersive_aircraft:quadrocopter":2,"alexscaves:cinder_brick":3,"create:cogwheel":65,"minecraft:carrot":1,"create:depot":2,"create:speedometer":3,"minecraft:milk_bucket":1,"minecraft:obsidian":19,"alexscaves:acid_bucket":2,"minecraft:lime_banner":1,"minecraft:birch_sapling":1,"minecraft:iron_helmet":3,"minecraft:stone_bricks":2,"minecraft:bow":28,"create:shaft":13,"minecraft:sweet_berries":31,"minecraft:furnace":5,"minecraft:oak_sapling":2,"minecraft:egg":1,"immersive_aircraft:biplane":10,"minecraft:potato":29,"minecraft:diorite":2,"minecraft:stone_pickaxe":93,"minecraft:wooden_pickaxe":37,"artifacts:eternal_steak":17,"minecraft:sugar_cane":5,"alexscaves:hazmat_mask":1,"alexscaves:cave_book":1,"minecraft:deepslate_brick_stairs":1,"minecraft:bread":3,"minecraft:string":3,"graveyard:fire_brazier":1,"minecraft:gravel":1,"create:basin":5,"create:stressometer":2,"minecraft:andesite":3,"create:vertical_gearbox":8,"minecraft:bone_meal":65,"create:large_cogwheel":25,"alexscaves:hazmat_chestplate":1,"minecraft:enchanting_table":1,"minecraft:stone_sword":158,"minecraft:flint_and_steel":1,"minecraft:spruce_planks":9,"immersive_aircraft:warship":4,"minecraft:cooked_chicken":1,"minecraft:torch":208,"minecraft:dirt":241,"create:mechanical_mixer":4,"alexscaves:waste_drum":1,"minecraft:iron_hoe":46,"minecraft:bamboo_fence":342,"create:wrench":192,"create:gearbox":5,"minecraft:iron_boots":3,"alexscaves:spelunkery_table":1,"minecraft:cooked_beef":4,"minecraft:iron_leggings":2,"minecraft:wheat_seeds":79,"minecraft:water_bucket":15,"minecraft:cobblestone_stairs":171,"minecraft:baked_potato":3,"graveyard:ossuary":1,"create:blaze_burner":3,"minecraft:salmon":1,"alexscaves:uranium_rod":4,"minecraft:crafting_table":5,"minecraft:spruce_log":1,"minecraft:diamond_pickaxe":392,"alexscaves:slam":1,"minecraft:iron_pickaxe":133,"minecraft:stone_axe":38,"minecraft:cobblestone":290,"travelersbackpack:standard":3,"minecraft:cooked_porkchop":70,"minecraft:bucket":17,"create:hand_crank":2,"alexscaves:radrock":29},"minecraft:dropped":{"minecraft:iron_sword":3,"minecraft:oak_log":1,"minecraft:crafting_table":1,"minecraft:cooked_porkchop":20,"artifacts:cloud_in_a_bottle":2,"minecraft:dirt":9,"alexscaves:cinder_brick":2,"alexscaves:cave_map":1,"alexscaves:slam":1,"minecraft:phantom_membrane":6,"minecraft:iron_pickaxe":1,"alexscaves:fissile_core":1,"minecraft:bone":4,"minecraft:compass":1,"minecraft:wheat":37,"minecraft:rotten_flesh":5,"artifacts:villager_hat":1,"minecraft:oak_planks":8,"create:brass_ingot":8,"minecraft:arrow":5,"create:andesite_alloy":4,"minecraft:bread":2,"minecraft:wheat_seeds":13,"minecraft:mossy_cobblestone":1,"minecraft:oak_fence":4,"minecraft:iron_helmet":1,"alexscaves:hazmat_mask":1,"minecraft:copper_ingot":34,"minecraft:stick":6,"minecraft:rabbit":6,"minecraft:iron_leggings":1,"minecraft:dried_kelp":8,"minecraft:mossy_cobblestone_stairs":1,"minecraft:string":3,"minecraft:bucket":1,"create:raw_zinc":12,"minecraft:spruce_sapling":4,"minecraft:kelp":11,"minecraft:sweet_berries":25,"minecraft:raw_copper":3,"artifacts:aqua_dashers":1,"minecraft:iron_boots":1,"minecraft:pumpkin_seeds":1,"minecraft:potato":2,"minecraft:spruce_trapdoor":2,"create:zinc_ingot":34,"minecraft:iron_chestplate":1,"alexscaves:hazmat_chestplate":1,"create:hand_crank":1,"alexscaves:spelunkie":1,"minecraft:slime_ball":54,"minecraft:spruce_log":1,"minecraft:wooden_pickaxe":1},"minecraft:killed":{"minecraft:spider":9,"minecraft:skeleton":19,"minecraft:chicken":1,"minecraft:pig":7,"minecraft:salmon":3,"minecraft:creeper":6,"minecraft:zombie":36,"minecraft:stray":4,"minecraft:blaze":2,"minecraft:cow":5,"graveyard:nightmare":1,"graveyard:revenant":2,"alexscaves:nucleeper":2,"minecraft:phantom":14,"minecraft:drowned":5,"graveyard:ghoul":2,"minecraft:wither_skeleton":1},"minecraft:broken":{"minecraft:iron_boots":1,"minecraft:iron_chestplate":1,"minecraft:iron_leggings":1,"minecraft:iron_helmet":1}},"DataVersion":3465}