{"stats":{"minecraft:crafted":{"minecraft:cooked_porkchop":9,"minecraft:crafting_table":1,"minecraft:spruce_planks":36,"minecraft:wooden_pickaxe":2,"minecraft:furnace":2,"minecraft:stone_axe":1,"minecraft:bread":2,"minecraft:air":0,"minecraft:stick":16,"minecraft:iron_ingot":2,"minecraft:stone_pickaxe":2,"minecraft:stone_sword":2,"minecraft:torch":28},"minecraft:dropped":{"minecraft:bread":2,"minecraft:wheat_seeds":1,"minecraft:raw_copper":3,"artifacts:villager_hat":1,"minecraft:potato":2,"minecraft:dried_kelp":8,"minecraft:wooden_pickaxe":1,"minecraft:spruce_sapling":4},"minecraft:used":{"minecraft:wheat_seeds":28,"minecraft:stone_sword":121,"minecraft:stone_pickaxe":86,"minecraft:baked_potato":3,"minecraft:spruce_planks":7,"minecraft:wooden_pickaxe":37,"minecraft:rotten_flesh":1,"minecraft:salmon":1,"minecraft:torch":11,"minecraft:dirt":1,"minecraft:crafting_table":2,"minecraft:carrot":1,"minecraft:bread":3,"minecraft:string":3,"minecraft:birch_sapling":1,"minecraft:gravel":1,"minecraft:sweet_berries":31,"minecraft:furnace":2,"minecraft:oak_sapling":2,"minecraft:cooked_porkchop":9,"minecraft:bone_meal":1},"minecraft:mined":{"minecraft:crafting_table":1,"minecraft:grass_block":1,"minecraft:copper_ore":13,"minecraft:spruce_leaves":7,"minecraft:large_fern":1,"minecraft:iron_ore":2,"minecraft:wheat":12,"minecraft:sweet_berry_bush":14,"minecraft:spruce_log":9,"minecraft:potatoes":1,"minecraft:coal_ore":34,"minecraft:gravel":1,"minecraft:stone":62,"minecraft:oak_leaves":6,"minecraft:tripwire":1},"minecraft:killed":{"minecraft:pig":4,"minecraft:salmon":3,"minecraft:spider":3,"minecraft:creeper":2,"minecraft:skeleton":3,"minecraft:zombie":8,"minecraft:chicken":1,"minecraft:drowned":2},"minecraft:picked_up":{"minecraft:crafting_table":2,"minecraft:wheat":10,"minecraft:feather":1,"minecraft:chicken":2,"minecraft:salmon":3,"minecraft:potato":1,"minecraft:string":5,"minecraft:dirt":1,"minecraft:raw_copper":48,"minecraft:bone":2,"minecraft:bow":1,"minecraft:wheat_seeds":30,"minecraft:spruce_planks":21,"minecraft:birch_sapling":1,"minecraft:raw_iron":2,"minecraft:stick":9,"minecraft:sweet_berries":38,"minecraft:gravel":1,"minecraft:porkchop":9,"minecraft:dried_kelp":8,"minecraft:spruce_sapling":4,"minecraft:carrot":1,"minecraft:spruce_log":10,"minecraft:arrow":3,"minecraft:rotten_flesh":5,"minecraft:bone_meal":1,"minecraft:baked_potato":3,"minecraft:oak_sapling":2,"minecraft:coal":34,"minecraft:cobblestone":77},"minecraft:killed_by":{"minecraft:zombie":1},"minecraft:custom":{"minecraft:interact_with_furnace":9,"minecraft:mob_kills":29,"minecraft:interact_with_crafting_table":11,"minecraft:interact_with_campfire":3,"minecraft:leave_game":1,"minecraft:time_since_death":15842,"minecraft:sleep_in_bed":2,"minecraft:time_since_rest":15872,"minecraft:sprint_one_cm":164037,"minecraft:walk_one_cm":195542,"minecraft:damage_taken":1455,"minecraft:drop":14,"minecraft:damage_dealt":5186,"minecraft:swim_one_cm":118011,"minecraft:fly_one_cm":507929,"minecraft:open_chest":10,"minecraft:crouch_one_cm":332,"minecraft:play_time":99305,"minecraft:deaths":1,"minecraft:sneak_time":324,"minecraft:walk_under_water_one_cm":16709,"minecraft:jump":1831,"minecraft:interact_with_blast_furnace":1,"minecraft:walk_on_water_one_cm":32855,"minecraft:interact_with_smoker":3,"minecraft:total_world_time":99305,"minecraft:fall_one_cm":30519}},"DataVersion":3465}