{"stats":{"minecraft:killed_by":{"minecraft:zombie":1},"minecraft:crafted":{"create:wrench":1,"minecraft:leather_boots":1,"minecraft:iron_nugget":18,"minecraft:cooked_chicken":1,"minecraft:furnace":2,"minecraft:stone_pickaxe":2,"create:basin":1,"create:cogwheel":2,"minecraft:cooked_beef":9,"create:depot":1,"create:andesite_alloy":10,"minecraft:cooked_porkchop":16,"minecraft:crafting_table":1,"minecraft:spruce_planks":36,"minecraft:wooden_pickaxe":2,"minecraft:stone_axe":1,"create:mechanical_mixer":1,"minecraft:bread":2,"minecraft:air":0,"create:whisk":1,"minecraft:shield":1,"minecraft:stick":24,"minecraft:iron_ingot":4,"minecraft:iron_pickaxe":1,"minecraft:stone_sword":2,"minecraft:torch":36,"create:zinc_ingot":12},"minecraft:picked_up":{"minecraft:crafting_table":7,"minecraft:wheat":20,"minecraft:chicken":2,"minecraft:string":13,"minecraft:raw_copper":208,"immersive_aircraft:biplane":8,"minecraft:compass":1,"graveyard:corruption":2,"minecraft:smooth_stone":1,"minecraft:spruce_planks":21,"artifacts:aqua_dashers":1,"minecraft:beef":9,"create:basin":2,"minecraft:sugar_cane":13,"minecraft:birch_sapling":1,"minecraft:furnace":3,"minecraft:egg":1,"minecraft:stick":9,"minecraft:raw_iron":10,"create:mechanical_mixer":1,"minecraft:torch":3,"create:andesite_casing":2,"minecraft:porkchop":16,"minecraft:dried_kelp":8,"minecraft:diorite":1,"minecraft:carrot":1,"minecraft:arrow":15,"minecraft:rotten_flesh":21,"create:depot":1,"minecraft:deepslate_brick_stairs":1,"minecraft:cobblestone":80,"minecraft:feather":1,"minecraft:andesite":38,"minecraft:salmon":3,"minecraft:leather":4,"minecraft:potato":16,"create:raw_zinc":25,"minecraft:oak_log":2,"create:andesite_alloy":4,"artifacts:cloud_in_a_bottle":1,"minecraft:dirt":24,"minecraft:bone":20,"minecraft:stone_bricks":2,"minecraft:kelp":8,"minecraft:bow":2,"minecraft:wheat_seeds":64,"minecraft:rabbit_hide":2,"minecraft:rabbit":2,"minecraft:oak_planks":1,"graveyard:fire_brazier":1,"minecraft:cooked_porkchop":3,"minecraft:sweet_berries":51,"graveyard:ossuary":2,"minecraft:gravel":1,"minecraft:sand":2,"minecraft:spruce_sapling":4,"minecraft:blast_furnace":1,"minecraft:spruce_log":11,"minecraft:mossy_cobblestone":1,"minecraft:pumpkin_seeds":1,"minecraft:slime_ball":27,"minecraft:bone_meal":2,"minecraft:mossy_cobblestone_stairs":1,"minecraft:baked_potato":3,"minecraft:oak_sapling":2,"minecraft:coal":36},"minecraft:mined":{"create:zinc_ore":13,"minecraft:mossy_cobblestone":2,"create:andesite_casing":2,"minecraft:grass_block":1,"graveyard:tg_deepslate":1,"create:depot":1,"minecraft:spruce_leaves":7,"minecraft:kelp":3,"minecraft:large_fern":1,"minecraft:smooth_stone":1,"minecraft:furnace":3,"minecraft:mossy_cobblestone_stairs":1,"minecraft:iron_ore":10,"minecraft:cobbled_deepslate":1,"minecraft:andesite":41,"graveyard:ossuary":2,"minecraft:potatoes":1,"minecraft:deepslate_brick_stairs":1,"minecraft:stone":65,"minecraft:tripwire":2,"minecraft:kelp_plant":3,"graveyard:fire_brazier":1,"minecraft:crafting_table":5,"minecraft:torch":1,"minecraft:blast_furnace":1,"minecraft:copper_ore":59,"minecraft:sugar_cane":5,"minecraft:oak_planks":2,"minecraft:diorite":1,"minecraft:seagrass":1,"create:basin":2,"minecraft:wheat":19,"minecraft:sweet_berry_bush":15,"create:mechanical_mixer":1,"minecraft:spruce_log":9,"graveyard:skull_pile":1,"minecraft:grass":3,"minecraft:oak_log":2,"minecraft:coal_ore":37,"minecraft:gravel":1,"minecraft:sand":2,"minecraft:dirt":7,"minecraft:stone_bricks":2,"minecraft:oak_leaves":6,"minecraft:fern":1},"minecraft:custom":{"minecraft:mob_kills":85,"minecraft:interact_with_crafting_table":22,"minecraft:interact_with_campfire":3,"minecraft:leave_game":4,"minecraft:time_since_death":284051,"minecraft:climb_one_cm":826,"minecraft:sprint_one_cm":462567,"minecraft:walk_one_cm":677471,"minecraft:damage_blocked_by_shield":1420,"minecraft:drop":54,"minecraft:play_time":367514,"minecraft:deaths":1,"minecraft:sneak_time":3829,"minecraft:walk_under_water_one_cm":46332,"minecraft:jump":5582,"minecraft:interact_with_blast_furnace":2,"minecraft:walk_on_water_one_cm":60451,"minecraft:total_world_time":367514,"minecraft:interact_with_furnace":32,"minecraft:interact_with_cartography_table":1,"minecraft:sleep_in_bed":2,"minecraft:time_since_rest":284081,"minecraft:damage_taken":3858,"minecraft:damage_dealt":15409,"minecraft:swim_one_cm":174776,"minecraft:fly_one_cm":1906073,"minecraft:open_chest":81,"minecraft:crouch_one_cm":16353,"minecraft:interact_with_smoker":5,"minecraft:fall_one_cm":324871},"minecraft:used":{"minecraft:stone_sword":158,"farmersdelight:cabbage_seeds":1,"minecraft:spruce_planks":7,"minecraft:shield":45,"minecraft:iron_sword":175,"minecraft:cooked_chicken":1,"minecraft:rotten_flesh":1,"minecraft:iron_chestplate":1,"minecraft:torch":82,"minecraft:dirt":238,"create:mechanical_mixer":2,"minecraft:carrot":1,"create:depot":2,"create:speedometer":3,"minecraft:iron_hoe":37,"create:wrench":56,"minecraft:birch_sapling":1,"minecraft:iron_helmet":1,"minecraft:iron_boots":1,"minecraft:stone_bricks":2,"minecraft:oak_sapling":2,"minecraft:sweet_berries":31,"minecraft:furnace":5,"minecraft:egg":1,"immersive_aircraft:biplane":9,"minecraft:potato":21,"minecraft:iron_leggings":1,"minecraft:wheat_seeds":79,"minecraft:diorite":1,"minecraft:stone_pickaxe":93,"minecraft:baked_potato":3,"minecraft:wooden_pickaxe":37,"minecraft:sugar_cane":5,"graveyard:ossuary":1,"minecraft:salmon":1,"minecraft:crafting_table":5,"minecraft:deepslate_brick_stairs":1,"minecraft:spruce_log":1,"minecraft:string":3,"minecraft:bread":3,"minecraft:iron_pickaxe":133,"minecraft:gravel":1,"minecraft:stone_axe":15,"create:basin":3,"minecraft:cooked_porkchop":48,"create:stressometer":2,"minecraft:andesite":3,"minecraft:bone_meal":65},"minecraft:dropped":{"minecraft:bread":2,"minecraft:wheat_seeds":13,"minecraft:mossy_cobblestone":1,"minecraft:crafting_table":1,"minecraft:cooked_porkchop":3,"artifacts:cloud_in_a_bottle":2,"minecraft:dirt":1,"minecraft:dried_kelp":8,"minecraft:mossy_cobblestone_stairs":1,"minecraft:string":3,"create:raw_zinc":12,"minecraft:spruce_sapling":4,"minecraft:compass":1,"minecraft:kelp":8,"minecraft:raw_copper":3,"artifacts:aqua_dashers":1,"minecraft:wheat":2,"artifacts:villager_hat":1,"minecraft:pumpkin_seeds":1,"minecraft:potato":2,"minecraft:slime_ball":54,"minecraft:spruce_log":1,"minecraft:arrow":4,"minecraft:wooden_pickaxe":1,"create:andesite_alloy":4},"minecraft:killed":{"graveyard:revenant":2,"minecraft:spider":8,"minecraft:phantom":4,"minecraft:skeleton":13,"minecraft:chicken":1,"minecraft:drowned":4,"minecraft:pig":7,"graveyard:ghoul":2,"minecraft:salmon":3,"minecraft:creeper":3,"minecraft:zombie":26,"minecraft:stray":3,"minecraft:cow":5}},"DataVersion":3465}