{"stats":{"minecraft:crafted":{"minecraft:cooked_beef":9,"minecraft:cooked_porkchop":16,"minecraft:leather_boots":1,"minecraft:crafting_table":1,"minecraft:spruce_planks":36,"minecraft:cooked_chicken":1,"minecraft:wooden_pickaxe":2,"minecraft:furnace":2,"minecraft:stone_axe":1,"minecraft:bread":2,"minecraft:air":0,"minecraft:shield":1,"minecraft:stick":20,"minecraft:iron_ingot":4,"minecraft:iron_pickaxe":1,"minecraft:stone_pickaxe":2,"minecraft:stone_sword":2,"minecraft:torch":36,"create:zinc_ingot":12},"minecraft:dropped":{"minecraft:bread":2,"minecraft:compass":1,"minecraft:wheat_seeds":1,"minecraft:raw_copper":3,"artifacts:villager_hat":1,"minecraft:pumpkin_seeds":1,"minecraft:potato":2,"minecraft:dried_kelp":8,"minecraft:wooden_pickaxe":1,"minecraft:string":3,"create:raw_zinc":12,"minecraft:spruce_sapling":4},"minecraft:used":{"minecraft:wheat_seeds":28,"minecraft:diorite":1,"minecraft:stone_sword":158,"minecraft:stone_pickaxe":93,"minecraft:baked_potato":3,"minecraft:shield":17,"minecraft:spruce_planks":7,"minecraft:wooden_pickaxe":37,"minecraft:cooked_chicken":1,"minecraft:rotten_flesh":1,"minecraft:salmon":1,"minecraft:torch":30,"minecraft:dirt":1,"minecraft:crafting_table":5,"minecraft:carrot":1,"minecraft:iron_pickaxe":61,"minecraft:bread":3,"minecraft:string":3,"minecraft:birch_sapling":1,"minecraft:gravel":1,"minecraft:stone_axe":5,"minecraft:sweet_berries":31,"minecraft:furnace":5,"minecraft:oak_sapling":2,"minecraft:cooked_porkchop":15,"minecraft:bone_meal":1},"minecraft:killed":{"minecraft:pig":7,"minecraft:salmon":3,"minecraft:spider":4,"minecraft:creeper":2,"minecraft:skeleton":3,"minecraft:zombie":11,"minecraft:chicken":1,"minecraft:drowned":2,"minecraft:cow":5},"minecraft:mined":{"create:zinc_ore":12,"minecraft:crafting_table":5,"minecraft:torch":1,"minecraft:grass_block":1,"minecraft:copper_ore":59,"minecraft:spruce_leaves":7,"minecraft:diorite":1,"minecraft:large_fern":1,"minecraft:furnace":3,"minecraft:iron_ore":4,"minecraft:wheat":12,"minecraft:sweet_berry_bush":14,"minecraft:spruce_log":9,"minecraft:grass":1,"minecraft:potatoes":1,"minecraft:coal_ore":34,"minecraft:gravel":1,"minecraft:stone":65,"minecraft:oak_leaves":6,"minecraft:tripwire":2},"minecraft:picked_up":{"minecraft:crafting_table":6,"minecraft:wheat":10,"minecraft:feather":1,"minecraft:chicken":2,"minecraft:salmon":3,"minecraft:leather":4,"minecraft:potato":1,"create:raw_zinc":24,"minecraft:string":8,"minecraft:dirt":1,"minecraft:raw_copper":208,"minecraft:compass":1,"minecraft:bone":2,"minecraft:bow":1,"minecraft:wheat_seeds":30,"minecraft:spruce_planks":21,"minecraft:beef":9,"minecraft:birch_sapling":1,"minecraft:furnace":3,"minecraft:raw_iron":4,"minecraft:stick":9,"minecraft:sweet_berries":38,"minecraft:torch":1,"minecraft:gravel":1,"minecraft:porkchop":16,"minecraft:dried_kelp":8,"minecraft:spruce_sapling":4,"minecraft:diorite":1,"minecraft:carrot":1,"minecraft:spruce_log":10,"minecraft:pumpkin_seeds":1,"minecraft:arrow":3,"minecraft:rotten_flesh":8,"minecraft:bone_meal":1,"minecraft:baked_potato":3,"minecraft:oak_sapling":2,"minecraft:coal":34,"minecraft:cobblestone":80},"minecraft:killed_by":{"minecraft:zombie":1},"minecraft:custom":{"minecraft:interact_with_furnace":30,"minecraft:mob_kills":41,"minecraft:interact_with_crafting_table":15,"minecraft:interact_with_campfire":3,"minecraft:leave_game":2,"minecraft:time_since_death":39495,"minecraft:sleep_in_bed":2,"minecraft:climb_one_cm":379,"minecraft:time_since_rest":39525,"minecraft:sprint_one_cm":206524,"minecraft:walk_one_cm":257640,"minecraft:damage_taken":1845,"minecraft:damage_blocked_by_shield":360,"minecraft:drop":18,"minecraft:damage_dealt":6794,"minecraft:swim_one_cm":119870,"minecraft:fly_one_cm":613347,"minecraft:open_chest":15,"minecraft:crouch_one_cm":332,"minecraft:play_time":122958,"minecraft:deaths":1,"minecraft:sneak_time":523,"minecraft:walk_under_water_one_cm":17957,"minecraft:jump":2321,"minecraft:interact_with_blast_furnace":1,"minecraft:walk_on_water_one_cm":36445,"minecraft:interact_with_smoker":3,"minecraft:total_world_time":122958,"minecraft:fall_one_cm":40723}},"DataVersion":3465}