{"stats":{"minecraft:killed_by":{"minecraft:zombie":1},"minecraft:crafted":{"create:wrench":1,"minecraft:leather_boots":1,"minecraft:iron_nugget":18,"minecraft:cooked_chicken":1,"minecraft:furnace":2,"minecraft:stone_pickaxe":2,"create:basin":1,"create:cogwheel":2,"minecraft:cooked_beef":9,"create:depot":1,"create:andesite_alloy":10,"minecraft:cooked_porkchop":16,"minecraft:crafting_table":1,"minecraft:spruce_planks":36,"minecraft:wooden_pickaxe":2,"minecraft:stone_axe":1,"create:mechanical_mixer":1,"minecraft:bread":2,"minecraft:air":0,"create:whisk":1,"minecraft:shield":1,"minecraft:stick":24,"minecraft:iron_ingot":4,"minecraft:iron_pickaxe":1,"minecraft:stone_sword":2,"minecraft:torch":36,"create:zinc_ingot":12},"minecraft:picked_up":{"minecraft:crafting_table":7,"minecraft:wheat":12,"minecraft:chicken":2,"minecraft:string":12,"minecraft:raw_copper":208,"immersive_aircraft:biplane":3,"minecraft:compass":1,"graveyard:corruption":2,"minecraft:smooth_stone":1,"minecraft:spruce_planks":21,"artifacts:aqua_dashers":1,"minecraft:beef":9,"create:basin":1,"minecraft:sugar_cane":5,"minecraft:birch_sapling":1,"minecraft:egg":1,"minecraft:furnace":3,"minecraft:raw_iron":10,"minecraft:stick":9,"create:mechanical_mixer":1,"minecraft:torch":3,"create:andesite_casing":2,"minecraft:porkchop":16,"minecraft:dried_kelp":8,"minecraft:diorite":1,"minecraft:carrot":1,"minecraft:arrow":9,"minecraft:rotten_flesh":14,"create:depot":1,"minecraft:deepslate_brick_stairs":1,"minecraft:cobblestone":80,"minecraft:feather":1,"minecraft:andesite":38,"minecraft:salmon":3,"minecraft:leather":4,"minecraft:potato":2,"create:raw_zinc":25,"minecraft:oak_log":2,"create:andesite_alloy":4,"artifacts:cloud_in_a_bottle":1,"minecraft:dirt":2,"minecraft:bone":15,"minecraft:stone_bricks":2,"minecraft:kelp":3,"minecraft:bow":1,"minecraft:wheat_seeds":30,"minecraft:oak_planks":1,"graveyard:fire_brazier":1,"minecraft:cooked_porkchop":1,"minecraft:sweet_berries":50,"graveyard:ossuary":2,"minecraft:sand":2,"minecraft:gravel":1,"minecraft:spruce_sapling":4,"minecraft:blast_furnace":1,"minecraft:spruce_log":11,"minecraft:pumpkin_seeds":1,"minecraft:bone_meal":1,"minecraft:baked_potato":3,"minecraft:oak_sapling":2,"minecraft:coal":36},"minecraft:mined":{"create:zinc_ore":13,"create:andesite_casing":2,"minecraft:grass_block":1,"graveyard:tg_deepslate":1,"create:depot":1,"minecraft:spruce_leaves":7,"minecraft:large_fern":1,"minecraft:smooth_stone":1,"minecraft:furnace":3,"minecraft:cobbled_deepslate":1,"minecraft:iron_ore":10,"minecraft:andesite":41,"graveyard:ossuary":2,"minecraft:potatoes":1,"minecraft:deepslate_brick_stairs":1,"minecraft:stone":65,"minecraft:tripwire":2,"minecraft:kelp_plant":1,"graveyard:fire_brazier":1,"minecraft:crafting_table":5,"minecraft:torch":1,"minecraft:blast_furnace":1,"minecraft:copper_ore":59,"minecraft:sugar_cane":1,"minecraft:oak_planks":2,"minecraft:diorite":1,"create:basin":1,"minecraft:sweet_berry_bush":14,"minecraft:wheat":12,"create:mechanical_mixer":1,"minecraft:spruce_log":9,"graveyard:skull_pile":1,"minecraft:grass":2,"minecraft:oak_log":2,"minecraft:coal_ore":37,"minecraft:gravel":1,"minecraft:sand":2,"minecraft:stone_bricks":2,"minecraft:oak_leaves":6,"minecraft:fern":1},"minecraft:custom":{"minecraft:mob_kills":66,"minecraft:interact_with_crafting_table":21,"minecraft:interact_with_campfire":3,"minecraft:leave_game":3,"minecraft:time_since_death":160934,"minecraft:climb_one_cm":826,"minecraft:sprint_one_cm":392154,"minecraft:walk_one_cm":475293,"minecraft:damage_blocked_by_shield":990,"minecraft:drop":29,"minecraft:play_time":244397,"minecraft:deaths":1,"minecraft:sneak_time":694,"minecraft:walk_under_water_one_cm":34867,"minecraft:jump":4388,"minecraft:interact_with_blast_furnace":2,"minecraft:walk_on_water_one_cm":54591,"minecraft:total_world_time":244397,"minecraft:interact_with_furnace":32,"minecraft:interact_with_cartography_table":1,"minecraft:sleep_in_bed":2,"minecraft:time_since_rest":160964,"minecraft:damage_taken":3108,"minecraft:damage_dealt":11577,"minecraft:swim_one_cm":161680,"minecraft:fly_one_cm":1367108,"minecraft:open_chest":68,"minecraft:crouch_one_cm":416,"minecraft:interact_with_smoker":5,"minecraft:fall_one_cm":190608},"minecraft:used":{"minecraft:stone_sword":158,"minecraft:spruce_planks":7,"minecraft:shield":39,"minecraft:iron_sword":87,"minecraft:cooked_chicken":1,"minecraft:rotten_flesh":1,"minecraft:iron_chestplate":1,"minecraft:torch":71,"minecraft:dirt":1,"create:mechanical_mixer":2,"minecraft:carrot":1,"create:depot":2,"create:wrench":4,"minecraft:birch_sapling":1,"minecraft:iron_helmet":1,"minecraft:iron_boots":1,"minecraft:stone_bricks":2,"minecraft:sweet_berries":31,"minecraft:furnace":5,"minecraft:oak_sapling":2,"minecraft:egg":1,"immersive_aircraft:biplane":4,"minecraft:iron_leggings":1,"minecraft:wheat_seeds":28,"minecraft:diorite":1,"minecraft:stone_pickaxe":93,"minecraft:baked_potato":3,"minecraft:wooden_pickaxe":37,"minecraft:sugar_cane":5,"graveyard:ossuary":1,"minecraft:salmon":1,"minecraft:crafting_table":5,"minecraft:spruce_log":1,"minecraft:bread":3,"minecraft:string":3,"minecraft:iron_pickaxe":129,"minecraft:gravel":1,"minecraft:stone_axe":13,"create:basin":2,"minecraft:cooked_porkchop":36,"minecraft:andesite":3,"minecraft:bone_meal":1},"minecraft:dropped":{"minecraft:bread":2,"minecraft:wheat_seeds":1,"minecraft:crafting_table":1,"minecraft:cooked_porkchop":1,"artifacts:cloud_in_a_bottle":2,"minecraft:dried_kelp":8,"minecraft:string":3,"create:raw_zinc":12,"minecraft:spruce_sapling":4,"minecraft:compass":1,"minecraft:raw_copper":3,"artifacts:aqua_dashers":1,"minecraft:wheat":2,"artifacts:villager_hat":1,"minecraft:pumpkin_seeds":1,"minecraft:potato":2,"minecraft:spruce_log":1,"minecraft:wooden_pickaxe":1,"create:andesite_alloy":4},"minecraft:killed":{"minecraft:spider":7,"minecraft:phantom":2,"minecraft:skeleton":12,"minecraft:chicken":1,"minecraft:drowned":2,"minecraft:pig":7,"graveyard:ghoul":1,"minecraft:salmon":3,"minecraft:creeper":3,"minecraft:zombie":19,"minecraft:cow":5}},"DataVersion":3465}