{"stats":{"minecraft:killed_by":{"minecraft:zombie":1},"minecraft:crafted":{"minecraft:oak_planks":4,"create:wrench":1,"minecraft:leather_boots":1,"minecraft:iron_nugget":18,"minecraft:cooked_chicken":1,"minecraft:furnace":2,"minecraft:stone_pickaxe":2,"create:basin":1,"create:cogwheel":2,"minecraft:cooked_beef":9,"create:depot":1,"create:andesite_alloy":10,"minecraft:cooked_porkchop":16,"minecraft:crafting_table":1,"minecraft:spruce_planks":36,"minecraft:enchanting_table":1,"minecraft:wooden_pickaxe":2,"minecraft:copper_ingot":64,"minecraft:stone_axe":1,"create:mechanical_mixer":1,"minecraft:bread":2,"minecraft:air":0,"create:whisk":1,"minecraft:shield":1,"minecraft:stick":24,"minecraft:iron_ingot":4,"minecraft:iron_pickaxe":1,"minecraft:stone_sword":2,"minecraft:torch":36,"create:zinc_ingot":12},"minecraft:picked_up":{"minecraft:crafting_table":7,"minecraft:wheat":55,"minecraft:chicken":2,"minecraft:oak_stairs":2,"minecraft:string":13,"minecraft:raw_copper":208,"immersive_aircraft:biplane":8,"minecraft:compass":1,"graveyard:corruption":2,"minecraft:cobbled_deepslate":4,"minecraft:smooth_stone":1,"farmersdelight:cabbage":1,"minecraft:spruce_planks":23,"artifacts:aqua_dashers":1,"minecraft:beef":9,"create:basin":3,"minecraft:sugar_cane":13,"minecraft:birch_sapling":1,"minecraft:spruce_trapdoor":2,"minecraft:phantom_membrane":3,"minecraft:furnace":3,"minecraft:egg":1,"minecraft:stick":12,"minecraft:raw_iron":10,"create:mechanical_mixer":2,"minecraft:copper_ingot":2,"minecraft:oak_fence":4,"minecraft:torch":5,"create:andesite_casing":2,"minecraft:porkchop":16,"minecraft:dried_kelp":8,"create:hand_crank":2,"minecraft:diorite":1,"minecraft:carrot":1,"create:zinc_ingot":2,"create:large_cogwheel":1,"minecraft:arrow":16,"minecraft:rotten_flesh":26,"create:depot":1,"minecraft:blaze_rod":2,"minecraft:deepslate_brick_stairs":1,"minecraft:obsidian":7,"minecraft:cobblestone":80,"minecraft:feather":1,"minecraft:andesite":38,"minecraft:salmon":3,"immersive_aircraft:warship":1,"minecraft:leather":4,"minecraft:potato":37,"create:raw_zinc":25,"minecraft:oak_log":3,"create:andesite_alloy":4,"artifacts:cloud_in_a_bottle":1,"create:blaze_burner":1,"minecraft:dirt":36,"minecraft:bone":21,"minecraft:stone_bricks":2,"minecraft:kelp":8,"minecraft:bow":2,"minecraft:wheat_seeds":64,"minecraft:rabbit_hide":2,"minecraft:rabbit":6,"minecraft:iron_sword":1,"minecraft:oak_planks":2,"graveyard:fire_brazier":1,"minecraft:cooked_porkchop":3,"minecraft:sweet_berries":76,"graveyard:ossuary":2,"minecraft:gravel":1,"minecraft:sand":2,"minecraft:spruce_sapling":4,"minecraft:blast_furnace":1,"minecraft:spruce_log":11,"minecraft:mossy_cobblestone":1,"minecraft:pumpkin_seeds":1,"minecraft:slime_ball":27,"create:brass_ingot":1,"minecraft:bone_meal":2,"immersive_aircraft:quadrocopter":1,"minecraft:mossy_cobblestone_stairs":1,"minecraft:baked_potato":3,"minecraft:oak_sapling":2,"minecraft:coal":38},"minecraft:mined":{"create:zinc_ore":13,"minecraft:spruce_planks":2,"minecraft:mossy_cobblestone":2,"create:andesite_casing":2,"minecraft:obsidian":8,"minecraft:spruce_trapdoor":2,"minecraft:grass_block":5,"graveyard:tg_deepslate":1,"create:depot":1,"minecraft:spruce_leaves":7,"minecraft:kelp":3,"minecraft:large_fern":1,"minecraft:hay_block":5,"minecraft:smooth_stone":1,"minecraft:furnace":3,"minecraft:mossy_cobblestone_stairs":1,"minecraft:iron_ore":10,"minecraft:cobbled_deepslate":1,"minecraft:andesite":41,"graveyard:ossuary":2,"minecraft:potatoes":1,"minecraft:dirt_path":2,"minecraft:oak_stairs":4,"minecraft:deepslate_brick_stairs":1,"minecraft:stone":65,"minecraft:tripwire":2,"minecraft:kelp_plant":3,"graveyard:fire_brazier":1,"minecraft:oak_fence":4,"minecraft:crafting_table":5,"minecraft:torch":1,"minecraft:blast_furnace":1,"minecraft:copper_ore":59,"minecraft:oak_planks":4,"minecraft:sugar_cane":5,"minecraft:diorite":1,"minecraft:seagrass":1,"create:basin":2,"minecraft:sweet_berry_bush":15,"minecraft:wheat":19,"create:mechanical_mixer":1,"minecraft:spruce_log":9,"graveyard:skull_pile":1,"minecraft:grass":3,"minecraft:oak_log":5,"minecraft:coal_ore":37,"minecraft:gravel":1,"minecraft:dirt":9,"minecraft:sand":2,"minecraft:stone_bricks":2,"minecraft:oak_leaves":6,"minecraft:fern":1},"minecraft:custom":{"minecraft:mob_kills":103,"minecraft:interact_with_crafting_table":27,"minecraft:interact_with_campfire":3,"minecraft:leave_game":6,"minecraft:time_since_death":440518,"minecraft:climb_one_cm":826,"minecraft:sprint_one_cm":566854,"minecraft:walk_one_cm":965361,"minecraft:damage_blocked_by_shield":1590,"minecraft:drop":137,"minecraft:play_time":523981,"minecraft:sneak_time":6906,"minecraft:deaths":1,"minecraft:walk_under_water_one_cm":53221,"minecraft:jump":7589,"minecraft:interact_with_blast_furnace":5,"minecraft:walk_on_water_one_cm":74488,"minecraft:total_world_time":523981,"minecraft:interact_with_furnace":32,"minecraft:interact_with_cartography_table":1,"minecraft:sleep_in_bed":3,"minecraft:time_since_rest":54042,"minecraft:damage_taken":5025,"minecraft:damage_dealt":18517,"minecraft:swim_one_cm":184144,"minecraft:fly_one_cm":2531364,"minecraft:open_chest":100,"minecraft:crouch_one_cm":21075,"minecraft:interact_with_smoker":5,"minecraft:fall_one_cm":485309},"minecraft:used":{"minecraft:stone_sword":158,"minecraft:enchanting_table":1,"minecraft:flint_and_steel":1,"farmersdelight:cabbage_seeds":1,"minecraft:spruce_planks":9,"minecraft:shield":50,"minecraft:iron_sword":232,"immersive_aircraft:warship":4,"minecraft:cooked_chicken":1,"minecraft:rotten_flesh":2,"immersive_aircraft:quadrocopter":2,"minecraft:iron_chestplate":1,"minecraft:torch":98,"minecraft:dirt":241,"create:mechanical_mixer":4,"create:cogwheel":65,"minecraft:carrot":1,"create:depot":2,"create:speedometer":3,"minecraft:obsidian":19,"minecraft:iron_hoe":46,"create:wrench":189,"create:gearbox":5,"minecraft:birch_sapling":1,"minecraft:iron_helmet":1,"minecraft:iron_boots":1,"minecraft:stone_bricks":2,"minecraft:sweet_berries":31,"create:shaft":13,"minecraft:oak_sapling":2,"minecraft:furnace":5,"minecraft:egg":1,"minecraft:potato":29,"immersive_aircraft:biplane":9,"minecraft:cooked_beef":4,"minecraft:iron_leggings":1,"minecraft:wheat_seeds":79,"minecraft:water_bucket":15,"minecraft:diorite":1,"minecraft:stone_pickaxe":93,"minecraft:baked_potato":3,"minecraft:wooden_pickaxe":37,"minecraft:sugar_cane":5,"graveyard:ossuary":1,"create:blaze_burner":3,"minecraft:salmon":1,"minecraft:crafting_table":5,"minecraft:spruce_log":1,"minecraft:deepslate_brick_stairs":1,"minecraft:diamond_pickaxe":8,"minecraft:iron_pickaxe":133,"minecraft:string":3,"minecraft:bread":3,"minecraft:gravel":1,"graveyard:fire_brazier":1,"minecraft:stone_axe":37,"create:basin":5,"minecraft:cobblestone":14,"minecraft:cooked_porkchop":60,"create:stressometer":2,"minecraft:andesite":3,"minecraft:bucket":14,"create:hand_crank":2,"create:vertical_gearbox":8,"minecraft:bone_meal":65,"create:large_cogwheel":25},"minecraft:dropped":{"minecraft:bread":2,"minecraft:iron_sword":1,"minecraft:wheat_seeds":13,"minecraft:oak_log":1,"minecraft:mossy_cobblestone":1,"minecraft:crafting_table":1,"minecraft:cooked_porkchop":3,"minecraft:oak_fence":4,"artifacts:cloud_in_a_bottle":2,"minecraft:copper_ingot":23,"minecraft:stick":6,"minecraft:dirt":9,"minecraft:rabbit":6,"minecraft:dried_kelp":8,"minecraft:phantom_membrane":6,"minecraft:iron_pickaxe":1,"minecraft:mossy_cobblestone_stairs":1,"minecraft:string":3,"create:raw_zinc":12,"minecraft:spruce_sapling":4,"minecraft:bone":4,"minecraft:kelp":8,"minecraft:compass":1,"minecraft:sweet_berries":25,"minecraft:raw_copper":3,"artifacts:aqua_dashers":1,"minecraft:wheat":37,"artifacts:villager_hat":1,"minecraft:oak_planks":8,"minecraft:pumpkin_seeds":1,"minecraft:potato":2,"minecraft:spruce_trapdoor":2,"create:zinc_ingot":23,"create:hand_crank":1,"create:brass_ingot":8,"minecraft:spruce_log":1,"minecraft:slime_ball":54,"minecraft:arrow":5,"minecraft:wooden_pickaxe":1,"create:andesite_alloy":4},"minecraft:killed":{"graveyard:revenant":2,"minecraft:spider":8,"minecraft:phantom":13,"minecraft:skeleton":13,"minecraft:chicken":1,"minecraft:drowned":4,"minecraft:pig":7,"graveyard:ghoul":2,"minecraft:salmon":3,"minecraft:creeper":4,"minecraft:zombie":31,"minecraft:stray":3,"minecraft:wither_skeleton":1,"minecraft:blaze":2,"minecraft:cow":5}},"DataVersion":3465}