{"stats":{"minecraft:killed_by":{"minecraft:zombie":1},"minecraft:crafted":{"minecraft:cooked_beef":9,"create:andesite_alloy":1,"minecraft:cooked_porkchop":16,"minecraft:leather_boots":1,"minecraft:crafting_table":1,"minecraft:spruce_planks":36,"minecraft:wooden_pickaxe":2,"minecraft:cooked_chicken":1,"minecraft:furnace":2,"minecraft:stone_axe":1,"minecraft:bread":2,"minecraft:air":0,"minecraft:shield":1,"minecraft:stick":20,"minecraft:iron_ingot":4,"minecraft:iron_pickaxe":1,"minecraft:stone_pickaxe":2,"minecraft:stone_sword":2,"minecraft:torch":36,"create:zinc_ingot":12},"minecraft:picked_up":{"minecraft:crafting_table":7,"minecraft:wheat":12,"minecraft:feather":1,"minecraft:chicken":2,"minecraft:salmon":3,"minecraft:leather":4,"minecraft:potato":1,"create:andesite_alloy":4,"create:raw_zinc":24,"artifacts:cloud_in_a_bottle":1,"minecraft:dirt":1,"minecraft:string":11,"minecraft:raw_copper":208,"minecraft:compass":1,"minecraft:bone":2,"minecraft:bow":1,"minecraft:wheat_seeds":30,"minecraft:spruce_planks":21,"artifacts:aqua_dashers":1,"minecraft:beef":9,"minecraft:birch_sapling":1,"minecraft:egg":1,"minecraft:furnace":3,"minecraft:stick":9,"minecraft:raw_iron":4,"minecraft:cooked_porkchop":1,"minecraft:sweet_berries":38,"minecraft:torch":1,"minecraft:gravel":1,"minecraft:porkchop":16,"minecraft:dried_kelp":8,"minecraft:spruce_sapling":4,"minecraft:diorite":1,"minecraft:spruce_log":11,"minecraft:carrot":1,"minecraft:pumpkin_seeds":1,"minecraft:arrow":7,"minecraft:rotten_flesh":8,"minecraft:bone_meal":1,"minecraft:baked_potato":3,"minecraft:oak_sapling":2,"minecraft:coal":34,"minecraft:cobblestone":80},"minecraft:mined":{"create:zinc_ore":12,"minecraft:crafting_table":5,"minecraft:torch":1,"minecraft:grass_block":1,"minecraft:copper_ore":59,"minecraft:spruce_leaves":7,"minecraft:diorite":1,"minecraft:large_fern":1,"minecraft:furnace":3,"minecraft:iron_ore":4,"minecraft:wheat":12,"minecraft:sweet_berry_bush":14,"minecraft:spruce_log":9,"minecraft:grass":1,"minecraft:potatoes":1,"minecraft:coal_ore":34,"minecraft:gravel":1,"minecraft:stone":65,"minecraft:oak_leaves":6,"minecraft:tripwire":2},"minecraft:custom":{"minecraft:interact_with_furnace":30,"minecraft:mob_kills":47,"minecraft:interact_with_crafting_table":16,"minecraft:interact_with_campfire":3,"minecraft:leave_game":3,"minecraft:time_since_death":87527,"minecraft:sleep_in_bed":2,"minecraft:climb_one_cm":379,"minecraft:time_since_rest":87557,"minecraft:sprint_one_cm":272129,"minecraft:damage_taken":2435,"minecraft:walk_one_cm":327383,"minecraft:damage_blocked_by_shield":700,"minecraft:drop":29,"minecraft:damage_dealt":7895,"minecraft:swim_one_cm":138629,"minecraft:fly_one_cm":831984,"minecraft:open_chest":22,"minecraft:crouch_one_cm":332,"minecraft:play_time":170990,"minecraft:deaths":1,"minecraft:sneak_time":523,"minecraft:walk_under_water_one_cm":27715,"minecraft:jump":3030,"minecraft:interact_with_blast_furnace":1,"minecraft:walk_on_water_one_cm":43068,"minecraft:total_world_time":170990,"minecraft:interact_with_smoker":3,"minecraft:fall_one_cm":81699},"minecraft:used":{"minecraft:wheat_seeds":28,"minecraft:diorite":1,"minecraft:stone_sword":158,"minecraft:stone_pickaxe":93,"minecraft:baked_potato":3,"minecraft:spruce_planks":7,"minecraft:wooden_pickaxe":37,"minecraft:shield":32,"minecraft:iron_sword":21,"minecraft:cooked_chicken":1,"minecraft:rotten_flesh":1,"minecraft:iron_chestplate":1,"minecraft:salmon":1,"minecraft:torch":50,"minecraft:dirt":1,"minecraft:crafting_table":5,"minecraft:carrot":1,"minecraft:string":3,"minecraft:iron_pickaxe":61,"minecraft:bread":3,"minecraft:birch_sapling":1,"minecraft:iron_helmet":1,"minecraft:iron_boots":1,"minecraft:gravel":1,"minecraft:stone_axe":5,"minecraft:sweet_berries":31,"minecraft:oak_sapling":2,"minecraft:furnace":5,"minecraft:cooked_porkchop":23,"minecraft:egg":1,"minecraft:bone_meal":1,"minecraft:iron_leggings":1},"minecraft:dropped":{"minecraft:bread":2,"minecraft:compass":1,"minecraft:wheat_seeds":1,"artifacts:aqua_dashers":1,"minecraft:raw_copper":3,"minecraft:crafting_table":1,"minecraft:cooked_porkchop":1,"minecraft:wheat":2,"artifacts:cloud_in_a_bottle":2,"artifacts:villager_hat":1,"minecraft:pumpkin_seeds":1,"minecraft:potato":2,"minecraft:dried_kelp":8,"minecraft:spruce_log":1,"minecraft:wooden_pickaxe":1,"minecraft:string":3,"create:andesite_alloy":4,"create:raw_zinc":12,"minecraft:spruce_sapling":4},"minecraft:killed":{"minecraft:pig":7,"graveyard:ghoul":1,"minecraft:salmon":3,"minecraft:spider":6,"minecraft:creeper":2,"minecraft:skeleton":6,"minecraft:zombie":11,"minecraft:chicken":1,"minecraft:drowned":2,"minecraft:cow":5}},"DataVersion":3465}